event_name,event_id,weight_class,round,winner,winner_team,win_type,loser,loser_team,score_details,raw_result
NAIA Women's National Championships 2025,923487132,NAIA 103,1st Place Match,Erin Hikiji,Providence,decision,Alexis Miller,Oklahoma City,Dec 8-2,1st Place Match - Erin Hikiji (Providence) won by decision over Alexis Miller (Oklahoma City) Dec 8-2
NAIA Women's National Championships 2025,923487132,NAIA 103,3rd Place Match,Judy Sandoval,Grand View,fall,Makayla Young,Indiana Tech,Fall 0:39,3rd Place Match - Judy Sandoval (Grand View) won by fall over Makayla Young (Indiana Tech) Fall 0:39
NAIA Women's National Championships 2025,923487132,NAIA 103,5th Place Match,Alexis Hatfield,Avila,forfeit,Angelina Casteneda,Cumberlands,FF,5th Place Match - Alexis Hatfield (Avila) won by forfeit over Angelina Casteneda (Cumberlands) FF
NAIA Women's National Championships 2025,923487132,NAIA 103,7th Place Match,Karina Vang,Doane,injury default,Sofia Abramson,Oklahoma City,Inj. 0:17,7th Place Match - Karina Vang (Doane) won by injury default over Sofia Abramson (Oklahoma City) Inj. 0:17
NAIA Women's National Championships 2025,923487132,NAIA 103,Cons. Semi,Makayla Young,Indiana Tech,forfeit,Angelina Casteneda,Cumberlands,FF,Cons. Semi - Makayla Young (Indiana Tech) won by forfeit over Angelina Casteneda (Cumberlands) FF
NAIA Women's National Championships 2025,923487132,NAIA 103,Cons. Semi,Judy Sandoval,Grand View,tech fall,Alexis Hatfield,Avila,TF 12-0,Cons. Semi - Judy Sandoval (Grand View) won by tech fall over Alexis Hatfield (Avila) TF 12-0
NAIA Women's National Championships 2025,923487132,NAIA 103,Cons. Round 5,Angelina Casteneda,Cumberlands,tech fall,Karina Vang,Doane,TF 10-0,Cons. Round 5 - Angelina Casteneda (Cumberlands) won by tech fall over Karina Vang (Doane) TF 10-0
NAIA Women's National Championships 2025,923487132,NAIA 103,Cons. Round 5,Alexis Hatfield,Avila,fall,Sofia Abramson,Oklahoma City,Fall 1:59,Cons. Round 5 - Alexis Hatfield (Avila) won by fall over Sofia Abramson (Oklahoma City) Fall 1:59
NAIA Women's National Championships 2025,923487132,NAIA 103,Semifinal,Erin Hikiji,Providence,tech fall,Judy Sandoval,Grand View,TF 10-0,Semifinal - Erin Hikiji (Providence) won by tech fall over Judy Sandoval (Grand View) TF 10-0
NAIA Women's National Championships 2025,923487132,NAIA 103,Semifinal,Alexis Miller,Oklahoma City,fall,Makayla Young,Indiana Tech,Fall 2:27,Semifinal - Alexis Miller (Oklahoma City) won by fall over Makayla Young (Indiana Tech) Fall 2:27
NAIA Women's National Championships 2025,923487132,NAIA 103,Cons. Round 4,Karina Vang,Doane,decision,Malarie Dominguez,Wayland Baptist,Dec 3-3,Cons. Round 4 - Karina Vang (Doane) won by decision over Malarie Dominguez (Wayland Baptist) Dec 3-3
NAIA Women's National Championships 2025,923487132,NAIA 103,Cons. Round 4,Angelina Casteneda,Cumberlands,tech fall,Eyvori Jacquez,Saint Mary,TF 10-0,Cons. Round 4 - Angelina Casteneda (Cumberlands) won by tech fall over Eyvori Jacquez (Saint Mary) TF 10-0
NAIA Women's National Championships 2025,923487132,NAIA 103,Cons. Round 4,Sofia Abramson,Oklahoma City,fall,Katherine Hernandez,Life,Fall 2:15,Cons. Round 4 - Sofia Abramson (Oklahoma City) won by fall over Katherine Hernandez (Life) Fall 2:15
NAIA Women's National Championships 2025,923487132,NAIA 103,Cons. Round 4,Alexis Hatfield,Avila,decision,Dutchess King,Cumberlands,Dec 8-5,Cons. Round 4 - Alexis Hatfield (Avila) won by decision over Dutchess King (Cumberlands) Dec 8-5
NAIA Women's National Championships 2025,923487132,NAIA 103,Cons. Round 3,Malarie Dominguez,Wayland Baptist,decision,Isabella Bocanegra,Providence,Dec 6-0,Cons. Round 3 - Malarie Dominguez (Wayland Baptist) won by decision over Isabella Bocanegra (Providence) Dec 6-0
NAIA Women's National Championships 2025,923487132,NAIA 103,Cons. Round 3,Eyvori Jacquez,Saint Mary,decision,Alanis Serrano-Rios,Waldorf,Dec 7-0,Cons. Round 3 - Eyvori Jacquez (Saint Mary) won by decision over Alanis Serrano-Rios (Waldorf) Dec 7-0
NAIA Women's National Championships 2025,923487132,NAIA 103,Cons. Round 3,Sofia Abramson,Oklahoma City,decision,Olivia Atkins,William Penn,Dec 10-8,Cons. Round 3 - Sofia Abramson (Oklahoma City) won by decision over Olivia Atkins (William Penn) Dec 10-8
NAIA Women's National Championships 2025,923487132,NAIA 103,Cons. Round 3,Alexis Hatfield,Avila,decision,Devyn Moore,Grand View,Dec 5-0,Cons. Round 3 - Alexis Hatfield (Avila) won by decision over Devyn Moore (Grand View) Dec 5-0
NAIA Women's National Championships 2025,923487132,NAIA 103,Quarterfinal,Erin Hikiji,Providence,tech fall,Angelina Casteneda,Cumberlands,TF 11-0,Quarterfinal - Erin Hikiji (Providence) won by tech fall over Angelina Casteneda (Cumberlands) TF 11-0
NAIA Women's National Championships 2025,923487132,NAIA 103,Quarterfinal,Judy Sandoval,Grand View,fall,Karina Vang,Doane,Fall 5:41,Quarterfinal - Judy Sandoval (Grand View) won by fall over Karina Vang (Doane) Fall 5:41
NAIA Women's National Championships 2025,923487132,NAIA 103,Quarterfinal,Alexis Miller,Oklahoma City,fall,Dutchess King,Cumberlands,Fall 1:13,Quarterfinal - Alexis Miller (Oklahoma City) won by fall over Dutchess King (Cumberlands) Fall 1:13
NAIA Women's National Championships 2025,923487132,NAIA 103,Quarterfinal,Makayla Young,Indiana Tech,fall,Katherine Hernandez,Life,Fall 1:53,Quarterfinal - Makayla Young (Indiana Tech) won by fall over Katherine Hernandez (Life) Fall 1:53
NAIA Women's National Championships 2025,923487132,NAIA 103,Cons. Round 2,Malarie Dominguez,Wayland Baptist,decision,Nayeli Flores Roque,Eastern Oregon,Dec 5-1,Cons. Round 2 - Malarie Dominguez (Wayland Baptist) won by decision over Nayeli Flores Roque (Eastern Oregon) Dec 5-1
NAIA Women's National Championships 2025,923487132,NAIA 103,Cons. Round 2,Eyvori Jacquez,Saint Mary,tech fall,Lillian Zapata,William Penn,TF 10-0,Cons. Round 2 - Eyvori Jacquez (Saint Mary) won by tech fall over Lillian Zapata (William Penn) TF 10-0
NAIA Women's National Championships 2025,923487132,NAIA 103,Cons. Round 2,Alexis Hatfield,Avila,fall,Morgan Repasky,Montreat,Fall 2:24,Cons. Round 2 - Alexis Hatfield (Avila) won by fall over Morgan Repasky (Montreat) Fall 2:24
NAIA Women's National Championships 2025,923487132,NAIA 103,Champ. Round 2,Erin Hikiji,Providence,fall,Alexis Hatfield,Avila,Fall 0:53,Champ. Round 2 - Erin Hikiji (Providence) won by fall over Alexis Hatfield (Avila) Fall 0:53
NAIA Women's National Championships 2025,923487132,NAIA 103,Champ. Round 2,Angelina Casteneda,Cumberlands,fall,Devyn Moore,Grand View,Fall 1:47,Champ. Round 2 - Angelina Casteneda (Cumberlands) won by fall over Devyn Moore (Grand View) Fall 1:47
NAIA Women's National Championships 2025,923487132,NAIA 103,Champ. Round 2,Judy Sandoval,Grand View,fall,Sofia Abramson,Oklahoma City,Fall 2:35,Champ. Round 2 - Judy Sandoval (Grand View) won by fall over Sofia Abramson (Oklahoma City) Fall 2:35
NAIA Women's National Championships 2025,923487132,NAIA 103,Champ. Round 2,Karina Vang,Doane,fall,Olivia Atkins,William Penn,Fall 3:35,Champ. Round 2 - Karina Vang (Doane) won by fall over Olivia Atkins (William Penn) Fall 3:35
NAIA Women's National Championships 2025,923487132,NAIA 103,Champ. Round 2,Alexis Miller,Oklahoma City,fall,Lillian Zapata,William Penn,Fall 1:37,Champ. Round 2 - Alexis Miller (Oklahoma City) won by fall over Lillian Zapata (William Penn) Fall 1:37
NAIA Women's National Championships 2025,923487132,NAIA 103,Champ. Round 2,Dutchess King,Cumberlands,tech fall,Alanis Serrano-Rios,Waldorf,TF 10-0,Champ. Round 2 - Dutchess King (Cumberlands) won by tech fall over Alanis Serrano-Rios (Waldorf) TF 10-0
NAIA Women's National Championships 2025,923487132,NAIA 103,Champ. Round 2,Makayla Young,Indiana Tech,decision,Isabella Bocanegra,Providence,Dec 3-1,Champ. Round 2 - Makayla Young (Indiana Tech) won by decision over Isabella Bocanegra (Providence) Dec 3-1
NAIA Women's National Championships 2025,923487132,NAIA 103,Champ. Round 2,Katherine Hernandez,Life,decision,Malarie Dominguez,Wayland Baptist,Dec 4-4,Champ. Round 2 - Katherine Hernandez (Life) won by decision over Malarie Dominguez (Wayland Baptist) Dec 4-4
NAIA Women's National Championships 2025,923487132,NAIA 103,Champ. Round 1,Alexis Hatfield,Avila,decision,Nayeli Flores Roque,Eastern Oregon,Dec 7-0,Champ. Round 1 - Alexis Hatfield (Avila) won by decision over Nayeli Flores Roque (Eastern Oregon) Dec 7-0
NAIA Women's National Championships 2025,923487132,NAIA 103,Champ. Round 1,Karina Vang,Doane,tech fall,Eyvori Jacquez,Saint Mary,TF 12-2,Champ. Round 1 - Karina Vang (Doane) won by tech fall over Eyvori Jacquez (Saint Mary) TF 12-2
NAIA Women's National Championships 2025,923487132,NAIA 103,Champ. Round 1,Katherine Hernandez,Life,fall,Morgan Repasky,Montreat,Fall 3:18,Champ. Round 1 - Katherine Hernandez (Life) won by fall over Morgan Repasky (Montreat) Fall 3:18
NAIA Women's National Championships 2025,923487132,NAIA 110,1st Place Match,Stefana Jelacic,Lourdes,decision,Anaya Falcon,Life,Dec 7-2,1st Place Match - Stefana Jelacic (Lourdes) won by decision over Anaya Falcon (Life) Dec 7-2
NAIA Women's National Championships 2025,923487132,NAIA 110,3rd Place Match,Paige Morales,Providence,tech fall,Tehani Soares,Indiana Tech,TF 10-0,3rd Place Match - Paige Morales (Providence) won by tech fall over Tehani Soares (Indiana Tech) TF 10-0
NAIA Women's National Championships 2025,923487132,NAIA 110,5th Place Match,Emma Baertlein,Southern Oregon,decision,Alexsys Jacquez,Saint Mary,Dec 3-0,5th Place Match - Emma Baertlein (Southern Oregon) won by decision over Alexsys Jacquez (Saint Mary) Dec 3-0
NAIA Women's National Championships 2025,923487132,NAIA 110,7th Place Match,Tristan Nitta,Grand View,injury default,Nizhoni Tallman,Evergreen State,Inj. 6:00,7th Place Match - Tristan Nitta (Grand View) won by injury default over Nizhoni Tallman (Evergreen State) Inj. 6:00
NAIA Women's National Championships 2025,923487132,NAIA 110,Cons. Semi,Paige Morales,Providence,tech fall,Alexsys Jacquez,Saint Mary,TF 10-0,Cons. Semi - Paige Morales (Providence) won by tech fall over Alexsys Jacquez (Saint Mary) TF 10-0
NAIA Women's National Championships 2025,923487132,NAIA 110,Cons. Semi,Tehani Soares,Indiana Tech,decision,Emma Baertlein,Southern Oregon,Dec 4-2,Cons. Semi - Tehani Soares (Indiana Tech) won by decision over Emma Baertlein (Southern Oregon) Dec 4-2
NAIA Women's National Championships 2025,923487132,NAIA 110,Cons. Round 5,Alexsys Jacquez,Saint Mary,tech fall,Nizhoni Tallman,Evergreen State,TF 11-0,Cons. Round 5 - Alexsys Jacquez (Saint Mary) won by tech fall over Nizhoni Tallman (Evergreen State) TF 11-0
NAIA Women's National Championships 2025,923487132,NAIA 110,Cons. Round 5,Tehani Soares,Indiana Tech,decision,Tristan Nitta,Grand View,Dec 3-3,Cons. Round 5 - Tehani Soares (Indiana Tech) won by decision over Tristan Nitta (Grand View) Dec 3-3
NAIA Women's National Championships 2025,923487132,NAIA 110,Semifinal,Anaya Falcon,Life,decision,Emma Baertlein,Southern Oregon,Dec 3-1,Semifinal - Anaya Falcon (Life) won by decision over Emma Baertlein (Southern Oregon) Dec 3-1
NAIA Women's National Championships 2025,923487132,NAIA 110,Semifinal,Stefana Jelacic,Lourdes,tech fall,Paige Morales,Providence,TF 11-1,Semifinal - Stefana Jelacic (Lourdes) won by tech fall over Paige Morales (Providence) TF 11-1
NAIA Women's National Championships 2025,923487132,NAIA 110,Cons. Round 4,Nizhoni Tallman,Evergreen State,decision,Lita Cruz,Grand View,Dec 6-5,Cons. Round 4 - Nizhoni Tallman (Evergreen State) won by decision over Lita Cruz (Grand View) Dec 6-5
NAIA Women's National Championships 2025,923487132,NAIA 110,Cons. Round 4,Alexsys Jacquez,Saint Mary,tech fall,Reagan Thomas,Lindsey Wilson,TF 15-4,Cons. Round 4 - Alexsys Jacquez (Saint Mary) won by tech fall over Reagan Thomas (Lindsey Wilson) TF 15-4
NAIA Women's National Championships 2025,923487132,NAIA 110,Cons. Round 4,Tristan Nitta,Grand View,fall,Jenna Gerhardt,Dickinson State,Fall 2:55,Cons. Round 4 - Tristan Nitta (Grand View) won by fall over Jenna Gerhardt (Dickinson State) Fall 2:55
NAIA Women's National Championships 2025,923487132,NAIA 110,Cons. Round 4,Tehani Soares,Indiana Tech,fall,Kayla Shota,Providence,Fall 2:07,Cons. Round 4 - Tehani Soares (Indiana Tech) won by fall over Kayla Shota (Providence) Fall 2:07
NAIA Women's National Championships 2025,923487132,NAIA 110,Cons. Round 3,Nizhoni Tallman,Evergreen State,decision,Aynsley Fink,Ottawa,Dec 8-4,Cons. Round 3 - Nizhoni Tallman (Evergreen State) won by decision over Aynsley Fink (Ottawa) Dec 8-4
NAIA Women's National Championships 2025,923487132,NAIA 110,Cons. Round 3,Reagan Thomas,Lindsey Wilson,decision,Nia Avelino,Eastern Oregon,Dec 12-3,Cons. Round 3 - Reagan Thomas (Lindsey Wilson) won by decision over Nia Avelino (Eastern Oregon) Dec 12-3
NAIA Women's National Championships 2025,923487132,NAIA 110,Cons. Round 3,Jenna Gerhardt,Dickinson State,decision,Telsarina Walter,Eastern Oregon,Dec 4-3,Cons. Round 3 - Jenna Gerhardt (Dickinson State) won by decision over Telsarina Walter (Eastern Oregon) Dec 4-3
NAIA Women's National Championships 2025,923487132,NAIA 110,Cons. Round 3,Kayla Shota,Providence,tech fall,Hailey Holland,Missouri Valley,TF 10-0,Cons. Round 3 - Kayla Shota (Providence) won by tech fall over Hailey Holland (Missouri Valley) TF 10-0
NAIA Women's National Championships 2025,923487132,NAIA 110,Quarterfinal,Anaya Falcon,Life,decision,Alexsys Jacquez,Saint Mary,Dec 10-2,Quarterfinal - Anaya Falcon (Life) won by decision over Alexsys Jacquez (Saint Mary) Dec 10-2
NAIA Women's National Championships 2025,923487132,NAIA 110,Quarterfinal,Emma Baertlein,Southern Oregon,decision,Lita Cruz,Grand View,Dec 5-2,Quarterfinal - Emma Baertlein (Southern Oregon) won by decision over Lita Cruz (Grand View) Dec 5-2
NAIA Women's National Championships 2025,923487132,NAIA 110,Quarterfinal,Paige Morales,Providence,decision,Tehani Soares,Indiana Tech,Dec 6-4,Quarterfinal - Paige Morales (Providence) won by decision over Tehani Soares (Indiana Tech) Dec 6-4
NAIA Women's National Championships 2025,923487132,NAIA 110,Quarterfinal,Stefana Jelacic,Lourdes,decision,Tristan Nitta,Grand View,Dec 7-0,Quarterfinal - Stefana Jelacic (Lourdes) won by decision over Tristan Nitta (Grand View) Dec 7-0
NAIA Women's National Championships 2025,923487132,NAIA 110,Cons. Round 2,Aynsley Fink,Ottawa,fall,Rodiat Adeduntan,Lindsey Wilson,Fall 3:52,Cons. Round 2 - Aynsley Fink (Ottawa) won by fall over Rodiat Adeduntan (Lindsey Wilson) Fall 3:52
NAIA Women's National Championships 2025,923487132,NAIA 110,Cons. Round 2,Nizhoni Tallman,Evergreen State,fall,Allison Hancher,Indiana Tech,Fall 2:56,Cons. Round 2 - Nizhoni Tallman (Evergreen State) won by fall over Allison Hancher (Indiana Tech) Fall 2:56
NAIA Women's National Championships 2025,923487132,NAIA 110,Cons. Round 2,Nia Avelino,Eastern Oregon,decision,Iby Garcia,Oklahoma City,Dec 8-4,Cons. Round 2 - Nia Avelino (Eastern Oregon) won by decision over Iby Garcia (Oklahoma City) Dec 8-4
NAIA Women's National Championships 2025,923487132,NAIA 110,Cons. Round 2,Jenna Gerhardt,Dickinson State,tech fall,Jaden Breeden,Doane,TF 10-0,Cons. Round 2 - Jenna Gerhardt (Dickinson State) won by tech fall over Jaden Breeden (Doane) TF 10-0
NAIA Women's National Championships 2025,923487132,NAIA 110,Cons. Round 2,Hailey Holland,Missouri Valley,fall,Sarah Pineda,Missouri Valley,Fall 2:50,Cons. Round 2 - Hailey Holland (Missouri Valley) won by fall over Sarah Pineda (Missouri Valley) Fall 2:50
NAIA Women's National Championships 2025,923487132,NAIA 110,Champ. Round 2,Anaya Falcon,Life,fall,Kayla Shota,Providence,Fall 2:23,Champ. Round 2 - Anaya Falcon (Life) won by fall over Kayla Shota (Providence) Fall 2:23
NAIA Women's National Championships 2025,923487132,NAIA 110,Champ. Round 2,Alexsys Jacquez,Saint Mary,tech fall,Hailey Holland,Missouri Valley,TF 13-2,Champ. Round 2 - Alexsys Jacquez (Saint Mary) won by tech fall over Hailey Holland (Missouri Valley) TF 13-2
NAIA Women's National Championships 2025,923487132,NAIA 110,Champ. Round 2,Lita Cruz,Grand View,fall,Telsarina Walter,Eastern Oregon,Fall 1:39,Champ. Round 2 - Lita Cruz (Grand View) won by fall over Telsarina Walter (Eastern Oregon) Fall 1:39
NAIA Women's National Championships 2025,923487132,NAIA 110,Champ. Round 2,Emma Baertlein,Southern Oregon,tech fall,Jaden Breeden,Doane,TF 10-0,Champ. Round 2 - Emma Baertlein (Southern Oregon) won by tech fall over Jaden Breeden (Doane) TF 10-0
NAIA Women's National Championships 2025,923487132,NAIA 110,Champ. Round 2,Paige Morales,Providence,fall,Reagan Thomas,Lindsey Wilson,Fall 1:29,Champ. Round 2 - Paige Morales (Providence) won by fall over Reagan Thomas (Lindsey Wilson) Fall 1:29
NAIA Women's National Championships 2025,923487132,NAIA 110,Champ. Round 2,Tehani Soares,Indiana Tech,decision,Nia Avelino,Eastern Oregon,Dec 6-0,Champ. Round 2 - Tehani Soares (Indiana Tech) won by decision over Nia Avelino (Eastern Oregon) Dec 6-0
NAIA Women's National Championships 2025,923487132,NAIA 110,Champ. Round 2,Tristan Nitta,Grand View,fall,Nizhoni Tallman,Evergreen State,Fall 2:40,Champ. Round 2 - Tristan Nitta (Grand View) won by fall over Nizhoni Tallman (Evergreen State) Fall 2:40
NAIA Women's National Championships 2025,923487132,NAIA 110,Champ. Round 2,Stefana Jelacic,Lourdes,tech fall,Aynsley Fink,Ottawa,TF 14-2,Champ. Round 2 - Stefana Jelacic (Lourdes) won by tech fall over Aynsley Fink (Ottawa) TF 14-2
NAIA Women's National Championships 2025,923487132,NAIA 110,Champ. Round 1,Anaya Falcon,Life,decision,Rodiat Adeduntan,Lindsey Wilson,Dec 9-2,Champ. Round 1 - Anaya Falcon (Life) won by decision over Rodiat Adeduntan (Lindsey Wilson) Dec 9-2
NAIA Women's National Championships 2025,923487132,NAIA 110,Champ. Round 1,Hailey Holland,Missouri Valley,tech fall,Allison Hancher,Indiana Tech,TF 10-0,Champ. Round 1 - Hailey Holland (Missouri Valley) won by tech fall over Allison Hancher (Indiana Tech) TF 10-0
NAIA Women's National Championships 2025,923487132,NAIA 110,Champ. Round 1,Lita Cruz,Grand View,fall,Iby Garcia,Oklahoma City,Fall 0:59,Champ. Round 1 - Lita Cruz (Grand View) won by fall over Iby Garcia (Oklahoma City) Fall 0:59
NAIA Women's National Championships 2025,923487132,NAIA 110,Champ. Round 1,Reagan Thomas,Lindsey Wilson,decision,Jenna Gerhardt,Dickinson State,Dec 4-4,Champ. Round 1 - Reagan Thomas (Lindsey Wilson) won by decision over Jenna Gerhardt (Dickinson State) Dec 4-4
NAIA Women's National Championships 2025,923487132,NAIA 110,Champ. Round 1,Tristan Nitta,Grand View,fall,Sarah Pineda,Missouri Valley,Fall 2:00,Champ. Round 1 - Tristan Nitta (Grand View) won by fall over Sarah Pineda (Missouri Valley) Fall 2:00
NAIA Women's National Championships 2025,923487132,NAIA 117,1st Place Match,Christianah Ogunsanya,William Penn,decision,Salyna Shotwell,Life,Dec 8-0,1st Place Match - Christianah Ogunsanya (William Penn) won by decision over Salyna Shotwell (Life) Dec 8-0
NAIA Women's National Championships 2025,923487132,NAIA 117,3rd Place Match,Shammilka Miranda,Cumberlands,tech fall,Mayangelie Colon,Grand View,TF 11-0,3rd Place Match - Shammilka Miranda (Cumberlands) won by tech fall over Mayangelie Colon (Grand View) TF 11-0
NAIA Women's National Championships 2025,923487132,NAIA 117,5th Place Match,Jasmine Howard,Southern Oregon,decision,Camille Fournier,Texas Wesleyan,Dec 7-4,5th Place Match - Jasmine Howard (Southern Oregon) won by decision over Camille Fournier (Texas Wesleyan) Dec 7-4
NAIA Women's National Championships 2025,923487132,NAIA 117,7th Place Match,Katherine Heath,Baker,decision,Icart Galumette,Campbellsville,Dec 10-6,7th Place Match - Katherine Heath (Baker) won by decision over Icart Galumette (Campbellsville) Dec 10-6
NAIA Women's National Championships 2025,923487132,NAIA 117,Cons. Semi,Shammilka Miranda,Cumberlands,fall,Camille Fournier,Texas Wesleyan,Fall 2:42,Cons. Semi - Shammilka Miranda (Cumberlands) won by fall over Camille Fournier (Texas Wesleyan) Fall 2:42
NAIA Women's National Championships 2025,923487132,NAIA 117,Cons. Semi,Mayangelie Colon,Grand View,fall,Jasmine Howard,Southern Oregon,Fall 2:44,Cons. Semi - Mayangelie Colon (Grand View) won by fall over Jasmine Howard (Southern Oregon) Fall 2:44
NAIA Women's National Championships 2025,923487132,NAIA 117,Cons. Round 5,Shammilka Miranda,Cumberlands,fall,Icart Galumette,Campbellsville,Fall 2:32,Cons. Round 5 - Shammilka Miranda (Cumberlands) won by fall over Icart Galumette (Campbellsville) Fall 2:32
NAIA Women's National Championships 2025,923487132,NAIA 117,Cons. Round 5,Mayangelie Colon,Grand View,tech fall,Katherine Heath,Baker,TF 11-0,Cons. Round 5 - Mayangelie Colon (Grand View) won by tech fall over Katherine Heath (Baker) TF 11-0
NAIA Women's National Championships 2025,923487132,NAIA 117,Semifinal,Christianah Ogunsanya,William Penn,decision,Jasmine Howard,Southern Oregon,Dec 11-2,Semifinal - Christianah Ogunsanya (William Penn) won by decision over Jasmine Howard (Southern Oregon) Dec 11-2
NAIA Women's National Championships 2025,923487132,NAIA 117,Semifinal,Salyna Shotwell,Life,fall,Camille Fournier,Texas Wesleyan,Fall 5:07,Semifinal - Salyna Shotwell (Life) won by fall over Camille Fournier (Texas Wesleyan) Fall 5:07
NAIA Women's National Championships 2025,923487132,NAIA 117,Cons. Round 4,Icart Galumette,Campbellsville,tech fall,Cailin Campbell,Grand View,TF 12-2,Cons. Round 4 - Icart Galumette (Campbellsville) won by tech fall over Cailin Campbell (Grand View) TF 12-2
NAIA Women's National Championships 2025,923487132,NAIA 117,Cons. Round 4,Shammilka Miranda,Cumberlands,fall,Irma Retano,Eastern Oregon,Fall 0:58,Cons. Round 4 - Shammilka Miranda (Cumberlands) won by fall over Irma Retano (Eastern Oregon) Fall 0:58
NAIA Women's National Championships 2025,923487132,NAIA 117,Cons. Round 4,Katherine Heath,Baker,tech fall,Jamesa Robinson,Brewton-Parker,TF 12-2,Cons. Round 4 - Katherine Heath (Baker) won by tech fall over Jamesa Robinson (Brewton-Parker) TF 12-2
NAIA Women's National Championships 2025,923487132,NAIA 117,Cons. Round 4,Mayangelie Colon,Grand View,fall,Callie Payton,Lindsey Wilson,Fall 3:45,Cons. Round 4 - Mayangelie Colon (Grand View) won by fall over Callie Payton (Lindsey Wilson) Fall 3:45
NAIA Women's National Championships 2025,923487132,NAIA 117,Cons. Round 3,Icart Galumette,Campbellsville,fall,Alicia Frank,Providence,Fall 2:02,Cons. Round 3 - Icart Galumette (Campbellsville) won by fall over Alicia Frank (Providence) Fall 2:02
NAIA Women's National Championships 2025,923487132,NAIA 117,Cons. Round 3,Irma Retano,Eastern Oregon,tech fall,Larhae Whaley,Dickinson State,TF 13-2,Cons. Round 3 - Irma Retano (Eastern Oregon) won by tech fall over Larhae Whaley (Dickinson State) TF 13-2
NAIA Women's National Championships 2025,923487132,NAIA 117,Cons. Round 3,Jamesa Robinson,Brewton-Parker,fall,Julia Breeden,Doane,Fall 4:31,Cons. Round 3 - Jamesa Robinson (Brewton-Parker) won by fall over Julia Breeden (Doane) Fall 4:31
NAIA Women's National Championships 2025,923487132,NAIA 117,Cons. Round 3,Callie Payton,Lindsey Wilson,tech fall,Victoria Nunez,Central Methodist,TF 10-0,Cons. Round 3 - Callie Payton (Lindsey Wilson) won by tech fall over Victoria Nunez (Central Methodist) TF 10-0
NAIA Women's National Championships 2025,923487132,NAIA 117,Quarterfinal,Christianah Ogunsanya,William Penn,tech fall,Shammilka Miranda,Cumberlands,TF 10-0,Quarterfinal - Christianah Ogunsanya (William Penn) won by tech fall over Shammilka Miranda (Cumberlands) TF 10-0
NAIA Women's National Championships 2025,923487132,NAIA 117,Quarterfinal,Jasmine Howard,Southern Oregon,decision,Cailin Campbell,Grand View,Dec 7-0,Quarterfinal - Jasmine Howard (Southern Oregon) won by decision over Cailin Campbell (Grand View) Dec 7-0
NAIA Women's National Championships 2025,923487132,NAIA 117,Quarterfinal,Salyna Shotwell,Life,fall,Mayangelie Colon,Grand View,Fall 1:25,Quarterfinal - Salyna Shotwell (Life) won by fall over Mayangelie Colon (Grand View) Fall 1:25
NAIA Women's National Championships 2025,923487132,NAIA 117,Quarterfinal,Camille Fournier,Texas Wesleyan,decision,Katherine Heath,Baker,Dec 9-4,Quarterfinal - Camille Fournier (Texas Wesleyan) won by decision over Katherine Heath (Baker) Dec 9-4
NAIA Women's National Championships 2025,923487132,NAIA 117,Cons. Round 2,Icart Galumette,Campbellsville,decision,Marissa Kurtz,Southern Oregon,Dec 16-8,Cons. Round 2 - Icart Galumette (Campbellsville) won by decision over Marissa Kurtz (Southern Oregon) Dec 16-8
NAIA Women's National Championships 2025,923487132,NAIA 117,Cons. Round 2,Larhae Whaley,Dickinson State,tech fall,Mora Peterson,Doane,TF 10-0,Cons. Round 2 - Larhae Whaley (Dickinson State) won by tech fall over Mora Peterson (Doane) TF 10-0
NAIA Women's National Championships 2025,923487132,NAIA 117,Cons. Round 2,Victoria Nunez,Central Methodist,fall,Kendall Martin,Ottawa,Fall 4:31,Cons. Round 2 - Victoria Nunez (Central Methodist) won by fall over Kendall Martin (Ottawa) Fall 4:31
NAIA Women's National Championships 2025,923487132,NAIA 117,Champ. Round 2,Christianah Ogunsanya,William Penn,tech fall,Callie Payton,Lindsey Wilson,TF 12-2,Champ. Round 2 - Christianah Ogunsanya (William Penn) won by tech fall over Callie Payton (Lindsey Wilson) TF 12-2
NAIA Women's National Championships 2025,923487132,NAIA 117,Champ. Round 2,Shammilka Miranda,Cumberlands,fall,Victoria Nunez,Central Methodist,Fall 2:13,Champ. Round 2 - Shammilka Miranda (Cumberlands) won by fall over Victoria Nunez (Central Methodist) Fall 2:13
NAIA Women's National Championships 2025,923487132,NAIA 117,Champ. Round 2,Jasmine Howard,Southern Oregon,fall,Julia Breeden,Doane,Fall 0:58,Champ. Round 2 - Jasmine Howard (Southern Oregon) won by fall over Julia Breeden (Doane) Fall 0:58
NAIA Women's National Championships 2025,923487132,NAIA 117,Champ. Round 2,Cailin Campbell,Grand View,tech fall,Jamesa Robinson,Brewton-Parker,TF 12-0,Champ. Round 2 - Cailin Campbell (Grand View) won by tech fall over Jamesa Robinson (Brewton-Parker) TF 12-0
NAIA Women's National Championships 2025,923487132,NAIA 117,Champ. Round 2,Salyna Shotwell,Life,fall,Irma Retano,Eastern Oregon,Fall 4:08,Champ. Round 2 - Salyna Shotwell (Life) won by fall over Irma Retano (Eastern Oregon) Fall 4:08
NAIA Women's National Championships 2025,923487132,NAIA 117,Champ. Round 2,Mayangelie Colon,Grand View,tech fall,Mora Peterson,Doane,TF 10-0,Champ. Round 2 - Mayangelie Colon (Grand View) won by tech fall over Mora Peterson (Doane) TF 10-0
NAIA Women's National Championships 2025,923487132,NAIA 117,Champ. Round 2,Katherine Heath,Baker,tech fall,Icart Galumette,Campbellsville,TF 12-1,Champ. Round 2 - Katherine Heath (Baker) won by tech fall over Icart Galumette (Campbellsville) TF 12-1
NAIA Women's National Championships 2025,923487132,NAIA 117,Champ. Round 2,Camille Fournier,Texas Wesleyan,fall,Alicia Frank,Providence,Fall 2:25,Champ. Round 2 - Camille Fournier (Texas Wesleyan) won by fall over Alicia Frank (Providence) Fall 2:25
NAIA Women's National Championships 2025,923487132,NAIA 117,Champ. Round 1,Shammilka Miranda,Cumberlands,decision,Marissa Kurtz,Southern Oregon,Dec 6-0,Champ. Round 1 - Shammilka Miranda (Cumberlands) won by decision over Marissa Kurtz (Southern Oregon) Dec 6-0
NAIA Women's National Championships 2025,923487132,NAIA 117,Champ. Round 1,Jasmine Howard,Southern Oregon,tech fall,Larhae Whaley,Dickinson State,TF 10-0,Champ. Round 1 - Jasmine Howard (Southern Oregon) won by tech fall over Larhae Whaley (Dickinson State) TF 10-0
NAIA Women's National Championships 2025,923487132,NAIA 117,Champ. Round 1,Katherine Heath,Baker,tech fall,Kendall Martin,Ottawa,TF 15-2,Champ. Round 1 - Katherine Heath (Baker) won by tech fall over Kendall Martin (Ottawa) TF 15-2
NAIA Women's National Championships 2025,923487132,NAIA 124,1st Place Match,Cristelle Rodriguez,Doane,decision,Katie Gomez,Cumberlands,Dec 5-5,1st Place Match - Cristelle Rodriguez (Doane) won by decision over Katie Gomez (Cumberlands) Dec 5-5
NAIA Women's National Championships 2025,923487132,NAIA 124,3rd Place Match,Joanna Vanderwood,William Penn,decision,Catharine Campbell,Grand View,Dec 5-1,3rd Place Match - Joanna Vanderwood (William Penn) won by decision over Catharine Campbell (Grand View) Dec 5-1
NAIA Women's National Championships 2025,923487132,NAIA 124,5th Place Match,Jasmina Immaeva,Missouri Valley,tech fall,Rose Kaplan,Indiana Tech,TF 10-0,5th Place Match - Jasmina Immaeva (Missouri Valley) won by tech fall over Rose Kaplan (Indiana Tech) TF 10-0
NAIA Women's National Championships 2025,923487132,NAIA 124,7th Place Match,Maya Davis,Grand View,tech fall,Ariana Martinez,Life,TF 13-2,7th Place Match - Maya Davis (Grand View) won by tech fall over Ariana Martinez (Life) TF 13-2
NAIA Women's National Championships 2025,923487132,NAIA 124,Cons. Semi,Joanna Vanderwood,William Penn,fall,Rose Kaplan,Indiana Tech,Fall 2:19,Cons. Semi - Joanna Vanderwood (William Penn) won by fall over Rose Kaplan (Indiana Tech) Fall 2:19
NAIA Women's National Championships 2025,923487132,NAIA 124,Cons. Semi,Catharine Campbell,Grand View,decision,Jasmina Immaeva,Missouri Valley,Dec 8-6,Cons. Semi - Catharine Campbell (Grand View) won by decision over Jasmina Immaeva (Missouri Valley) Dec 8-6
NAIA Women's National Championships 2025,923487132,NAIA 124,Cons. Round 5,Rose Kaplan,Indiana Tech,tech fall,Ariana Martinez,Life,TF 12-0,Cons. Round 5 - Rose Kaplan (Indiana Tech) won by tech fall over Ariana Martinez (Life) TF 12-0
NAIA Women's National Championships 2025,923487132,NAIA 124,Cons. Round 5,Catharine Campbell,Grand View,fall,Maya Davis,Grand View,Fall 2:59,Cons. Round 5 - Catharine Campbell (Grand View) won by fall over Maya Davis (Grand View) Fall 2:59
NAIA Women's National Championships 2025,923487132,NAIA 124,Semifinal,Cristelle Rodriguez,Doane,tech fall,Jasmina Immaeva,Missouri Valley,TF 11-0,Semifinal - Cristelle Rodriguez (Doane) won by tech fall over Jasmina Immaeva (Missouri Valley) TF 11-0
NAIA Women's National Championships 2025,923487132,NAIA 124,Semifinal,Katie Gomez,Cumberlands,decision,Joanna Vanderwood,William Penn,Dec 8-2,Semifinal - Katie Gomez (Cumberlands) won by decision over Joanna Vanderwood (William Penn) Dec 8-2
NAIA Women's National Championships 2025,923487132,NAIA 124,Cons. Round 4,Rose Kaplan,Indiana Tech,decision,Alyssa Randles,Providence,Dec 6-5,Cons. Round 4 - Rose Kaplan (Indiana Tech) won by decision over Alyssa Randles (Providence) Dec 6-5
NAIA Women's National Championships 2025,923487132,NAIA 124,Cons. Round 4,Ariana Martinez,Life,disqualification,Kamilah Brooks,Lindsey Wilson,DQ,Cons. Round 4 - Ariana Martinez (Life) won by disqualification over Kamilah Brooks (Lindsey Wilson) DQ
NAIA Women's National Championships 2025,923487132,NAIA 124,Cons. Round 4,Catharine Campbell,Grand View,tech fall,Ellabelle Taylor,Evergreen State,TF 11-0,Cons. Round 4 - Catharine Campbell (Grand View) won by tech fall over Ellabelle Taylor (Evergreen State) TF 11-0
NAIA Women's National Championships 2025,923487132,NAIA 124,Cons. Round 4,Maya Davis,Grand View,fall,Malia Welch,Southern Oregon,Fall 2:06,Cons. Round 4 - Maya Davis (Grand View) won by fall over Malia Welch (Southern Oregon) Fall 2:06
NAIA Women's National Championships 2025,923487132,NAIA 124,Cons. Round 3,Alyssa Randles,Providence,tech fall,Presley Anderson,Cumberlands,TF 14-4,Cons. Round 3 - Alyssa Randles (Providence) won by tech fall over Presley Anderson (Cumberlands) TF 14-4
NAIA Women's National Championships 2025,923487132,NAIA 124,Cons. Round 3,Ariana Martinez,Life,tech fall,Peyton Hand,Ottawa,TF 12-0,Cons. Round 3 - Ariana Martinez (Life) won by tech fall over Peyton Hand (Ottawa) TF 12-0
NAIA Women's National Championships 2025,923487132,NAIA 124,Cons. Round 3,Catharine Campbell,Grand View,fall,Catherine Steinkamp,William Penn,Fall 1:02,Cons. Round 3 - Catharine Campbell (Grand View) won by fall over Catherine Steinkamp (William Penn) Fall 1:02
NAIA Women's National Championships 2025,923487132,NAIA 124,Cons. Round 3,Malia Welch,Southern Oregon,tech fall,Tess Barnett,Wayland Baptist,TF 13-2,Cons. Round 3 - Malia Welch (Southern Oregon) won by tech fall over Tess Barnett (Wayland Baptist) TF 13-2
NAIA Women's National Championships 2025,923487132,NAIA 124,Quarterfinal,Cristelle Rodriguez,Doane,tech fall,Kamilah Brooks,Lindsey Wilson,TF 10-0,Quarterfinal - Cristelle Rodriguez (Doane) won by tech fall over Kamilah Brooks (Lindsey Wilson) TF 10-0
NAIA Women's National Championships 2025,923487132,NAIA 124,Quarterfinal,Jasmina Immaeva,Missouri Valley,decision,Rose Kaplan,Indiana Tech,Dec 5-3,Quarterfinal - Jasmina Immaeva (Missouri Valley) won by decision over Rose Kaplan (Indiana Tech) Dec 5-3
NAIA Women's National Championships 2025,923487132,NAIA 124,Quarterfinal,Joanna Vanderwood,William Penn,tech fall,Maya Davis,Grand View,TF 11-1,Quarterfinal - Joanna Vanderwood (William Penn) won by tech fall over Maya Davis (Grand View) TF 11-1
NAIA Women's National Championships 2025,923487132,NAIA 124,Quarterfinal,Katie Gomez,Cumberlands,tech fall,Ellabelle Taylor,Evergreen State,TF 10-0,Quarterfinal - Katie Gomez (Cumberlands) won by tech fall over Ellabelle Taylor (Evergreen State) TF 10-0
NAIA Women's National Championships 2025,923487132,NAIA 124,Cons. Round 2,Presley Anderson,Cumberlands,decision,Isla Baeza,Missouri Valley,Dec 12-10,Cons. Round 2 - Presley Anderson (Cumberlands) won by decision over Isla Baeza (Missouri Valley) Dec 12-10
NAIA Women's National Championships 2025,923487132,NAIA 124,Cons. Round 2,Alyssa Randles,Providence,decision,Kaylee Annis,Southern Oregon,Dec 10-9,Cons. Round 2 - Alyssa Randles (Providence) won by decision over Kaylee Annis (Southern Oregon) Dec 10-9
NAIA Women's National Championships 2025,923487132,NAIA 124,Cons. Round 2,Ariana Martinez,Life,tech fall,Anna Krejsa,Life,TF 10-0,Cons. Round 2 - Ariana Martinez (Life) won by tech fall over Anna Krejsa (Life) TF 10-0
NAIA Women's National Championships 2025,923487132,NAIA 124,Cons. Round 2,Peyton Hand,Ottawa,fall,Jill High,York,Fall 1:38,Cons. Round 2 - Peyton Hand (Ottawa) won by fall over Jill High (York) Fall 1:38
NAIA Women's National Championships 2025,923487132,NAIA 124,Cons. Round 2,Catharine Campbell,Grand View,fall,Kadence Beck,Eastern Oregon,Fall 1:38,Cons. Round 2 - Catharine Campbell (Grand View) won by fall over Kadence Beck (Eastern Oregon) Fall 1:38
NAIA Women's National Championships 2025,923487132,NAIA 124,Cons. Round 2,Catherine Steinkamp,William Penn,tech fall,Sydney Bridenstine,Lindsey Wilson,TF 10-0,Cons. Round 2 - Catherine Steinkamp (William Penn) won by tech fall over Sydney Bridenstine (Lindsey Wilson) TF 10-0
NAIA Women's National Championships 2025,923487132,NAIA 124,Cons. Round 2,Malia Welch,Southern Oregon,tech fall,Kylie Robledo,Baker,TF 10-0,Cons. Round 2 - Malia Welch (Southern Oregon) won by tech fall over Kylie Robledo (Baker) TF 10-0
NAIA Women's National Championships 2025,923487132,NAIA 124,Cons. Round 2,Tess Barnett,Wayland Baptist,decision,Chloe Herrick,Missouri Baptist,Dec 9-0,Cons. Round 2 - Tess Barnett (Wayland Baptist) won by decision over Chloe Herrick (Missouri Baptist) Dec 9-0
NAIA Women's National Championships 2025,923487132,NAIA 124,Champ. Round 2,Cristelle Rodriguez,Doane,fall,Tess Barnett,Wayland Baptist,Fall 0:48,Champ. Round 2 - Cristelle Rodriguez (Doane) won by fall over Tess Barnett (Wayland Baptist) Fall 0:48
NAIA Women's National Championships 2025,923487132,NAIA 124,Champ. Round 2,Kamilah Brooks,Lindsey Wilson,decision,Kylie Robledo,Baker,Dec 9-6,Champ. Round 2 - Kamilah Brooks (Lindsey Wilson) won by decision over Kylie Robledo (Baker) Dec 9-6
NAIA Women's National Championships 2025,923487132,NAIA 124,Champ. Round 2,Rose Kaplan,Indiana Tech,decision,Catherine Steinkamp,William Penn,Dec 8-3,Champ. Round 2 - Rose Kaplan (Indiana Tech) won by decision over Catherine Steinkamp (William Penn) Dec 8-3
NAIA Women's National Championships 2025,923487132,NAIA 124,Champ. Round 2,Jasmina Immaeva,Missouri Valley,decision,Catharine Campbell,Grand View,Dec 9-2,Champ. Round 2 - Jasmina Immaeva (Missouri Valley) won by decision over Catharine Campbell (Grand View) Dec 9-2
NAIA Women's National Championships 2025,923487132,NAIA 124,Champ. Round 2,Joanna Vanderwood,William Penn,tech fall,Peyton Hand,Ottawa,TF 10-0,Champ. Round 2 - Joanna Vanderwood (William Penn) won by tech fall over Peyton Hand (Ottawa) TF 10-0
NAIA Women's National Championships 2025,923487132,NAIA 124,Champ. Round 2,Maya Davis,Grand View,tech fall,Anna Krejsa,Life,TF 15-4,Champ. Round 2 - Maya Davis (Grand View) won by tech fall over Anna Krejsa (Life) TF 15-4
NAIA Women's National Championships 2025,923487132,NAIA 124,Champ. Round 2,Ellabelle Taylor,Evergreen State,decision,Alyssa Randles,Providence,Dec 10-7,Champ. Round 2 - Ellabelle Taylor (Evergreen State) won by decision over Alyssa Randles (Providence) Dec 10-7
NAIA Women's National Championships 2025,923487132,NAIA 124,Champ. Round 2,Katie Gomez,Cumberlands,tech fall,Isla Baeza,Missouri Valley,TF 10-0,Champ. Round 2 - Katie Gomez (Cumberlands) won by tech fall over Isla Baeza (Missouri Valley) TF 10-0
NAIA Women's National Championships 2025,923487132,NAIA 124,Cons. Round 1,Malia Welch,Southern Oregon,tech fall,Emily Paulino,Midland,TF 11-0,Cons. Round 1 - Malia Welch (Southern Oregon) won by tech fall over Emily Paulino (Midland) TF 11-0
NAIA Women's National Championships 2025,923487132,NAIA 124,Champ. Round 1,Cristelle Rodriguez,Doane,fall,Presley Anderson,Cumberlands,Fall 1:12,Champ. Round 1 - Cristelle Rodriguez (Doane) won by fall over Presley Anderson (Cumberlands) Fall 1:12
NAIA Women's National Championships 2025,923487132,NAIA 124,Champ. Round 1,Kamilah Brooks,Lindsey Wilson,tech fall,Kaylee Annis,Southern Oregon,TF 10-0,Champ. Round 1 - Kamilah Brooks (Lindsey Wilson) won by tech fall over Kaylee Annis (Southern Oregon) TF 10-0
NAIA Women's National Championships 2025,923487132,NAIA 124,Champ. Round 1,Rose Kaplan,Indiana Tech,tech fall,Ariana Martinez,Life,TF 12-1,Champ. Round 1 - Rose Kaplan (Indiana Tech) won by tech fall over Ariana Martinez (Life) TF 12-1
NAIA Women's National Championships 2025,923487132,NAIA 124,Champ. Round 1,Jasmina Immaeva,Missouri Valley,tech fall,Jill High,York,TF 15-4,Champ. Round 1 - Jasmina Immaeva (Missouri Valley) won by tech fall over Jill High (York) TF 15-4
NAIA Women's National Championships 2025,923487132,NAIA 124,Champ. Round 1,Joanna Vanderwood,William Penn,tech fall,Kadence Beck,Eastern Oregon,TF 10-0,Champ. Round 1 - Joanna Vanderwood (William Penn) won by tech fall over Kadence Beck (Eastern Oregon) TF 10-0
NAIA Women's National Championships 2025,923487132,NAIA 124,Champ. Round 1,Anna Krejsa,Life,fall,Sydney Bridenstine,Lindsey Wilson,Fall 2:18,Champ. Round 1 - Anna Krejsa (Life) won by fall over Sydney Bridenstine (Lindsey Wilson) Fall 2:18
NAIA Women's National Championships 2025,923487132,NAIA 124,Champ. Round 1,Alyssa Randles,Providence,decision,Malia Welch,Southern Oregon,Dec 8-1,Champ. Round 1 - Alyssa Randles (Providence) won by decision over Malia Welch (Southern Oregon) Dec 8-1
NAIA Women's National Championships 2025,923487132,NAIA 124,Champ. Round 1,Ellabelle Taylor,Evergreen State,decision,Emily Paulino,Midland,Dec 6-2,Champ. Round 1 - Ellabelle Taylor (Evergreen State) won by decision over Emily Paulino (Midland) Dec 6-2
NAIA Women's National Championships 2025,923487132,NAIA 124,Champ. Round 1,Katie Gomez,Cumberlands,tech fall,Chloe Herrick,Missouri Baptist,TF 10-0,Champ. Round 1 - Katie Gomez (Cumberlands) won by tech fall over Chloe Herrick (Missouri Baptist) TF 10-0
NAIA Women's National Championships 2025,923487132,NAIA 131,1st Place Match,Jumoke Adekoye,Dickinson State,decision,Xochitl Mota-pettis,Missouri Valley,Dec 5-3,1st Place Match - Jumoke Adekoye (Dickinson State) won by decision over Xochitl Mota-pettis (Missouri Valley) Dec 5-3
NAIA Women's National Championships 2025,923487132,NAIA 131,3rd Place Match,Mercy Adekuoroye,Wayland Baptist,decision,Carolina Moreno,Southern Oregon,Dec 15-6,3rd Place Match - Mercy Adekuoroye (Wayland Baptist) won by decision over Carolina Moreno (Southern Oregon) Dec 15-6
NAIA Women's National Championships 2025,923487132,NAIA 131,5th Place Match,Olivia Mottley,Life,injury default,Sarah Savidge,Life,Inj. 0:00,5th Place Match - Olivia Mottley (Life) won by injury default over Sarah Savidge (Life) Inj. 0:00
NAIA Women's National Championships 2025,923487132,NAIA 131,7th Place Match,Devin Patton,William Penn,decision,Larissa Kaz,Hastings,Dec 14-12,7th Place Match - Devin Patton (William Penn) won by decision over Larissa Kaz (Hastings) Dec 14-12
NAIA Women's National Championships 2025,923487132,NAIA 131,Cons. Semi,Mercy Adekuoroye,Wayland Baptist,decision,Sarah Savidge,Life,Dec 11-5,Cons. Semi - Mercy Adekuoroye (Wayland Baptist) won by decision over Sarah Savidge (Life) Dec 11-5
NAIA Women's National Championships 2025,923487132,NAIA 131,Cons. Semi,Carolina Moreno,Southern Oregon,tech fall,Olivia Mottley,Life,TF 12-2,Cons. Semi - Carolina Moreno (Southern Oregon) won by tech fall over Olivia Mottley (Life) TF 12-2
NAIA Women's National Championships 2025,923487132,NAIA 131,Cons. Round 5,Sarah Savidge,Life,decision,Devin Patton,William Penn,Dec 10-6,Cons. Round 5 - Sarah Savidge (Life) won by decision over Devin Patton (William Penn) Dec 10-6
NAIA Women's National Championships 2025,923487132,NAIA 131,Cons. Round 5,Olivia Mottley,Life,decision,Larissa Kaz,Hastings,Dec 5-1,Cons. Round 5 - Olivia Mottley (Life) won by decision over Larissa Kaz (Hastings) Dec 5-1
NAIA Women's National Championships 2025,923487132,NAIA 131,Semifinal,Jumoke Adekoye,Dickinson State,decision,Carolina Moreno,Southern Oregon,Dec 3-1,Semifinal - Jumoke Adekoye (Dickinson State) won by decision over Carolina Moreno (Southern Oregon) Dec 3-1
NAIA Women's National Championships 2025,923487132,NAIA 131,Semifinal,Xochitl Mota-pettis,Missouri Valley,fall,Mercy Adekuoroye,Wayland Baptist,Fall 4:42,Semifinal - Xochitl Mota-pettis (Missouri Valley) won by fall over Mercy Adekuoroye (Wayland Baptist) Fall 4:42
NAIA Women's National Championships 2025,923487132,NAIA 131,Cons. Round 4,Sarah Savidge,Life,fall,Olivia Messerly,Campbellsville,Fall 3:52,Cons. Round 4 - Sarah Savidge (Life) won by fall over Olivia Messerly (Campbellsville) Fall 3:52
NAIA Women's National Championships 2025,923487132,NAIA 131,Cons. Round 4,Devin Patton,William Penn,tech fall,Andrea Hernandez,Indiana Tech,TF 11-0,Cons. Round 4 - Devin Patton (William Penn) won by tech fall over Andrea Hernandez (Indiana Tech) TF 11-0
NAIA Women's National Championships 2025,923487132,NAIA 131,Cons. Round 4,Larissa Kaz,Hastings,tech fall,Ashley Whetzal,Missouri Valley,TF 13-2,Cons. Round 4 - Larissa Kaz (Hastings) won by tech fall over Ashley Whetzal (Missouri Valley) TF 13-2
NAIA Women's National Championships 2025,923487132,NAIA 131,Cons. Round 4,Olivia Mottley,Life,tech fall,Ashlee Palimo,Doane,TF 11-0,Cons. Round 4 - Olivia Mottley (Life) won by tech fall over Ashlee Palimo (Doane) TF 11-0
NAIA Women's National Championships 2025,923487132,NAIA 131,Cons. Round 3,Olivia Messerly,Campbellsville,tech fall,Mary Jane Porter,Cumberlands,TF 13-2,Cons. Round 3 - Olivia Messerly (Campbellsville) won by tech fall over Mary Jane Porter (Cumberlands) TF 13-2
NAIA Women's National Championships 2025,923487132,NAIA 131,Cons. Round 3,Andrea Hernandez,Indiana Tech,fall,Paige Respicio,Providence,Fall 2:28,Cons. Round 3 - Andrea Hernandez (Indiana Tech) won by fall over Paige Respicio (Providence) Fall 2:28
NAIA Women's National Championships 2025,923487132,NAIA 131,Cons. Round 3,Larissa Kaz,Hastings,fall,Destiny Campbell,Oklahoma City,Fall 3:49,Cons. Round 3 - Larissa Kaz (Hastings) won by fall over Destiny Campbell (Oklahoma City) Fall 3:49
NAIA Women's National Championships 2025,923487132,NAIA 131,Cons. Round 3,Ashlee Palimo,Doane,decision,Cameron Ortiz,Campbellsville,Dec 4-3,Cons. Round 3 - Ashlee Palimo (Doane) won by decision over Cameron Ortiz (Campbellsville) Dec 4-3
NAIA Women's National Championships 2025,923487132,NAIA 131,Quarterfinal,Carolina Moreno,Southern Oregon,tech fall,Devin Patton,William Penn,TF 10-0,Quarterfinal - Carolina Moreno (Southern Oregon) won by tech fall over Devin Patton (William Penn) TF 10-0
NAIA Women's National Championships 2025,923487132,NAIA 131,Quarterfinal,Jumoke Adekoye,Dickinson State,fall,Sarah Savidge,Life,Fall 3:55,Quarterfinal - Jumoke Adekoye (Dickinson State) won by fall over Sarah Savidge (Life) Fall 3:55
NAIA Women's National Championships 2025,923487132,NAIA 131,Quarterfinal,Xochitl Mota-pettis,Missouri Valley,tech fall,Olivia Mottley,Life,TF 12-1,Quarterfinal - Xochitl Mota-pettis (Missouri Valley) won by tech fall over Olivia Mottley (Life) TF 12-1
NAIA Women's National Championships 2025,923487132,NAIA 131,Quarterfinal,Mercy Adekuoroye,Wayland Baptist,tech fall,Ashley Whetzal,Missouri Valley,TF 10-0,Quarterfinal - Mercy Adekuoroye (Wayland Baptist) won by tech fall over Ashley Whetzal (Missouri Valley) TF 10-0
NAIA Women's National Championships 2025,923487132,NAIA 131,Cons. Round 2,Olivia Messerly,Campbellsville,decision,Annabelle Suto,Cumberlands,Dec 11-2,Cons. Round 2 - Olivia Messerly (Campbellsville) won by decision over Annabelle Suto (Cumberlands) Dec 11-2
NAIA Women's National Championships 2025,923487132,NAIA 131,Cons. Round 2,Paige Respicio,Providence,tech fall,Nicole Redmond,Avila,TF 11-0,Cons. Round 2 - Paige Respicio (Providence) won by tech fall over Nicole Redmond (Avila) TF 11-0
NAIA Women's National Championships 2025,923487132,NAIA 131,Cons. Round 2,Andrea Hernandez,Indiana Tech,fall,Hannah Seitzinger,Indiana Tech,Fall 1:10,Cons. Round 2 - Andrea Hernandez (Indiana Tech) won by fall over Hannah Seitzinger (Indiana Tech) Fall 1:10
NAIA Women's National Championships 2025,923487132,NAIA 131,Cons. Round 2,Larissa Kaz,Hastings,fall,Keira Nartatez,Midland,Fall 3:38,Cons. Round 2 - Larissa Kaz (Hastings) won by fall over Keira Nartatez (Midland) Fall 3:38
NAIA Women's National Championships 2025,923487132,NAIA 131,Cons. Round 2,Destiny Campbell,Oklahoma City,fall,Bryce White,Oklahoma City,Fall 2:49,Cons. Round 2 - Destiny Campbell (Oklahoma City) won by fall over Bryce White (Oklahoma City) Fall 2:49
NAIA Women's National Championships 2025,923487132,NAIA 131,Cons. Round 2,Cameron Ortiz,Campbellsville,fall,Emma Truex,Ottawa,Fall 3:53,Cons. Round 2 - Cameron Ortiz (Campbellsville) won by fall over Emma Truex (Ottawa) Fall 3:53
NAIA Women's National Championships 2025,923487132,NAIA 131,Champ. Round 2,Carolina Moreno,Southern Oregon,tech fall,Cameron Ortiz,Campbellsville,TF 10-0,Champ. Round 2 - Carolina Moreno (Southern Oregon) won by tech fall over Cameron Ortiz (Campbellsville) TF 10-0
NAIA Women's National Championships 2025,923487132,NAIA 131,Champ. Round 2,Devin Patton,William Penn,tech fall,Ashlee Palimo,Doane,TF 10-0,Champ. Round 2 - Devin Patton (William Penn) won by tech fall over Ashlee Palimo (Doane) TF 10-0
NAIA Women's National Championships 2025,923487132,NAIA 131,Champ. Round 2,Jumoke Adekoye,Dickinson State,tech fall,Bryce White,Oklahoma City,TF 10-0,Champ. Round 2 - Jumoke Adekoye (Dickinson State) won by tech fall over Bryce White (Oklahoma City) TF 10-0
NAIA Women's National Championships 2025,923487132,NAIA 131,Champ. Round 2,Sarah Savidge,Life,tech fall,Larissa Kaz,Hastings,TF 11-0,Champ. Round 2 - Sarah Savidge (Life) won by tech fall over Larissa Kaz (Hastings) TF 11-0
NAIA Women's National Championships 2025,923487132,NAIA 131,Champ. Round 2,Xochitl Mota-pettis,Missouri Valley,tech fall,Hannah Seitzinger,Indiana Tech,TF 10-0,Champ. Round 2 - Xochitl Mota-pettis (Missouri Valley) won by tech fall over Hannah Seitzinger (Indiana Tech) TF 10-0
NAIA Women's National Championships 2025,923487132,NAIA 131,Champ. Round 2,Olivia Mottley,Life,decision,Paige Respicio,Providence,Dec 7-1,Champ. Round 2 - Olivia Mottley (Life) won by decision over Paige Respicio (Providence) Dec 7-1
NAIA Women's National Championships 2025,923487132,NAIA 131,Champ. Round 2,Ashley Whetzal,Missouri Valley,fall,Olivia Messerly,Campbellsville,Fall 4:36,Champ. Round 2 - Ashley Whetzal (Missouri Valley) won by fall over Olivia Messerly (Campbellsville) Fall 4:36
NAIA Women's National Championships 2025,923487132,NAIA 131,Champ. Round 2,Mercy Adekuoroye,Wayland Baptist,tech fall,Mary Jane Porter,Cumberlands,TF 10-0,Champ. Round 2 - Mercy Adekuoroye (Wayland Baptist) won by tech fall over Mary Jane Porter (Cumberlands) TF 10-0
NAIA Women's National Championships 2025,923487132,NAIA 131,Cons. Round 1,Andrea Hernandez,Indiana Tech,fall,Keera Lacock,Dakota Wesleyan,Fall 1:37,Cons. Round 1 - Andrea Hernandez (Indiana Tech) won by fall over Keera Lacock (Dakota Wesleyan) Fall 1:37
NAIA Women's National Championships 2025,923487132,NAIA 131,Champ. Round 1,Ashlee Palimo,Doane,decision,Annabelle Suto,Cumberlands,Dec 4-2,Champ. Round 1 - Ashlee Palimo (Doane) won by decision over Annabelle Suto (Cumberlands) Dec 4-2
NAIA Women's National Championships 2025,923487132,NAIA 131,Champ. Round 1,Jumoke Adekoye,Dickinson State,tech fall,Nicole Redmond,Avila,TF 11-0,Champ. Round 1 - Jumoke Adekoye (Dickinson State) won by tech fall over Nicole Redmond (Avila) TF 11-0
NAIA Women's National Championships 2025,923487132,NAIA 131,Champ. Round 1,Larissa Kaz,Hastings,tech fall,Andrea Hernandez,Indiana Tech,TF 10-0,Champ. Round 1 - Larissa Kaz (Hastings) won by tech fall over Andrea Hernandez (Indiana Tech) TF 10-0
NAIA Women's National Championships 2025,923487132,NAIA 131,Champ. Round 1,Sarah Savidge,Life,tech fall,Keera Lacock,Dakota Wesleyan,TF 10-0,Champ. Round 1 - Sarah Savidge (Life) won by tech fall over Keera Lacock (Dakota Wesleyan) TF 10-0
NAIA Women's National Championships 2025,923487132,NAIA 131,Champ. Round 1,Xochitl Mota-pettis,Missouri Valley,tech fall,Keira Nartatez,Midland,TF 10-0,Champ. Round 1 - Xochitl Mota-pettis (Missouri Valley) won by tech fall over Keira Nartatez (Midland) TF 10-0
NAIA Women's National Championships 2025,923487132,NAIA 131,Champ. Round 1,Olivia Mottley,Life,tech fall,Destiny Campbell,Oklahoma City,TF 11-0,Champ. Round 1 - Olivia Mottley (Life) won by tech fall over Destiny Campbell (Oklahoma City) TF 11-0
NAIA Women's National Championships 2025,923487132,NAIA 131,Champ. Round 1,Mary Jane Porter,Cumberlands,fall,Emma Truex,Ottawa,Fall 4:01,Champ. Round 1 - Mary Jane Porter (Cumberlands) won by fall over Emma Truex (Ottawa) Fall 4:01
NAIA Women's National Championships 2025,923487132,NAIA 138,1st Place Match,Zaynah Mcbryde,Life,tech fall,Waipuilani Estrella-Beauchamp,Providence,TF 10-0,1st Place Match - Zaynah Mcbryde (Life) won by tech fall over Waipuilani Estrella-Beauchamp (Providence) TF 10-0
NAIA Women's National Championships 2025,923487132,NAIA 138,3rd Place Match,Samantha Barragan,Texas Wesleyan,fall,Reagen Gallaway,Hastings,Fall 2:27,3rd Place Match - Samantha Barragan (Texas Wesleyan) won by fall over Reagen Gallaway (Hastings) Fall 2:27
NAIA Women's National Championships 2025,923487132,NAIA 138,5th Place Match,Jordan Suarez,Wayland Baptist,fall,Serenity De La Garza,Missouri Valley,Fall 3:33,5th Place Match - Jordan Suarez (Wayland Baptist) won by fall over Serenity De La Garza (Missouri Valley) Fall 3:33
NAIA Women's National Championships 2025,923487132,NAIA 138,7th Place Match,Isabelle Hawley,William Penn,fall,Natalia Posada,Oklahoma City,Fall 1:21,7th Place Match - Isabelle Hawley (William Penn) won by fall over Natalia Posada (Oklahoma City) Fall 1:21
NAIA Women's National Championships 2025,923487132,NAIA 138,Cons. Semi,Reagen Gallaway,Hastings,fall,Serenity De La Garza,Missouri Valley,Fall 4:51,Cons. Semi - Reagen Gallaway (Hastings) won by fall over Serenity De La Garza (Missouri Valley) Fall 4:51
NAIA Women's National Championships 2025,923487132,NAIA 138,Cons. Semi,Samantha Barragan,Texas Wesleyan,decision,Jordan Suarez,Wayland Baptist,Dec 9-9,Cons. Semi - Samantha Barragan (Texas Wesleyan) won by decision over Jordan Suarez (Wayland Baptist) Dec 9-9
NAIA Women's National Championships 2025,923487132,NAIA 138,Cons. Round 5,Serenity De La Garza,Missouri Valley,fall,Isabelle Hawley,William Penn,Fall 0:33,Cons. Round 5 - Serenity De La Garza (Missouri Valley) won by fall over Isabelle Hawley (William Penn) Fall 0:33
NAIA Women's National Championships 2025,923487132,NAIA 138,Cons. Round 5,Jordan Suarez,Wayland Baptist,fall,Natalia Posada,Oklahoma City,Fall 1:47,Cons. Round 5 - Jordan Suarez (Wayland Baptist) won by fall over Natalia Posada (Oklahoma City) Fall 1:47
NAIA Women's National Championships 2025,923487132,NAIA 138,Semifinal,Zaynah Mcbryde,Life,decision,Samantha Barragan,Texas Wesleyan,Dec 8-0,Semifinal - Zaynah Mcbryde (Life) won by decision over Samantha Barragan (Texas Wesleyan) Dec 8-0
NAIA Women's National Championships 2025,923487132,NAIA 138,Semifinal,Waipuilani Estrella-Beauchamp,Providence,tech fall,Reagen Gallaway,Hastings,TF 12-2,Semifinal - Waipuilani Estrella-Beauchamp (Providence) won by tech fall over Reagen Gallaway (Hastings) TF 12-2
NAIA Women's National Championships 2025,923487132,NAIA 138,Cons. Round 4,Serenity De La Garza,Missouri Valley,fall,Kendall Bostelman,William Penn,Fall 2:08,Cons. Round 4 - Serenity De La Garza (Missouri Valley) won by fall over Kendall Bostelman (William Penn) Fall 2:08
NAIA Women's National Championships 2025,923487132,NAIA 138,Cons. Round 4,Isabelle Hawley,William Penn,decision,Gabriella Perez,Campbellsville,Dec 2-1,Cons. Round 4 - Isabelle Hawley (William Penn) won by decision over Gabriella Perez (Campbellsville) Dec 2-1
NAIA Women's National Championships 2025,923487132,NAIA 138,Cons. Round 4,Natalia Posada,Oklahoma City,decision,Kori Campbell,Lindsey Wilson,Dec 6-4,Cons. Round 4 - Natalia Posada (Oklahoma City) won by decision over Kori Campbell (Lindsey Wilson) Dec 6-4
NAIA Women's National Championships 2025,923487132,NAIA 138,Cons. Round 4,Jordan Suarez,Wayland Baptist,decision,Livia Swift,Ottawa,Dec 8-4,Cons. Round 4 - Jordan Suarez (Wayland Baptist) won by decision over Livia Swift (Ottawa) Dec 8-4
NAIA Women's National Championships 2025,923487132,NAIA 138,Cons. Round 3,Serenity De La Garza,Missouri Valley,fall,Lilly Gough,Central Methodist,Fall 3:37,Cons. Round 3 - Serenity De La Garza (Missouri Valley) won by fall over Lilly Gough (Central Methodist) Fall 3:37
NAIA Women's National Championships 2025,923487132,NAIA 138,Cons. Round 3,Isabelle Hawley,William Penn,fall,Addison Messerly,Campbellsville,Fall 2:13,Cons. Round 3 - Isabelle Hawley (William Penn) won by fall over Addison Messerly (Campbellsville) Fall 2:13
NAIA Women's National Championships 2025,923487132,NAIA 138,Cons. Round 3,Natalia Posada,Oklahoma City,decision,Kailey Rees,Providence,Dec 12-10,Cons. Round 3 - Natalia Posada (Oklahoma City) won by decision over Kailey Rees (Providence) Dec 12-10
NAIA Women's National Championships 2025,923487132,NAIA 138,Cons. Round 3,Livia Swift,Ottawa,fall,Araya Boday,Saint Mary,Fall 1:51,Cons. Round 3 - Livia Swift (Ottawa) won by fall over Araya Boday (Saint Mary) Fall 1:51
NAIA Women's National Championships 2025,923487132,NAIA 138,Quarterfinal,Zaynah Mcbryde,Life,tech fall,Gabriella Perez,Campbellsville,TF 10-0,Quarterfinal - Zaynah Mcbryde (Life) won by tech fall over Gabriella Perez (Campbellsville) TF 10-0
NAIA Women's National Championships 2025,923487132,NAIA 138,Quarterfinal,Samantha Barragan,Texas Wesleyan,tech fall,Kendall Bostelman,William Penn,TF 13-2,Quarterfinal - Samantha Barragan (Texas Wesleyan) won by tech fall over Kendall Bostelman (William Penn) TF 13-2
NAIA Women's National Championships 2025,923487132,NAIA 138,Quarterfinal,Reagen Gallaway,Hastings,decision,Jordan Suarez,Wayland Baptist,Dec 4-3,Quarterfinal - Reagen Gallaway (Hastings) won by decision over Jordan Suarez (Wayland Baptist) Dec 4-3
NAIA Women's National Championships 2025,923487132,NAIA 138,Quarterfinal,Waipuilani Estrella-Beauchamp,Providence,decision,Kori Campbell,Lindsey Wilson,Dec 10-4,Quarterfinal - Waipuilani Estrella-Beauchamp (Providence) won by decision over Kori Campbell (Lindsey Wilson) Dec 10-4
NAIA Women's National Championships 2025,923487132,NAIA 138,Cons. Round 2,Lilly Gough,Central Methodist,decision,Gianna Moreno,Friends,Dec 6-6,Cons. Round 2 - Lilly Gough (Central Methodist) won by decision over Gianna Moreno (Friends) Dec 6-6
NAIA Women's National Championships 2025,923487132,NAIA 138,Cons. Round 2,Addison Messerly,Campbellsville,fall,Tabitha Wood,Hastings,Fall 4:56,Cons. Round 2 - Addison Messerly (Campbellsville) won by fall over Tabitha Wood (Hastings) Fall 4:56
NAIA Women's National Championships 2025,923487132,NAIA 138,Cons. Round 2,Kailey Rees,Providence,tech fall,Jaclyn Riedinger,Avila,TF 12-0,Cons. Round 2 - Kailey Rees (Providence) won by tech fall over Jaclyn Riedinger (Avila) TF 12-0
NAIA Women's National Championships 2025,923487132,NAIA 138,Cons. Round 2,Livia Swift,Ottawa,fall,Jade Martin,Baker,Fall 2:26,Cons. Round 2 - Livia Swift (Ottawa) won by fall over Jade Martin (Baker) Fall 2:26
NAIA Women's National Championships 2025,923487132,NAIA 138,Champ. Round 2,Zaynah Mcbryde,Life,tech fall,Jade Martin,Baker,TF 10-0,Champ. Round 2 - Zaynah Mcbryde (Life) won by tech fall over Jade Martin (Baker) TF 10-0
NAIA Women's National Championships 2025,923487132,NAIA 138,Champ. Round 2,Gabriella Perez,Campbellsville,fall,Araya Boday,Saint Mary,Fall 5:16,Champ. Round 2 - Gabriella Perez (Campbellsville) won by fall over Araya Boday (Saint Mary) Fall 5:16
NAIA Women's National Championships 2025,923487132,NAIA 138,Champ. Round 2,Samantha Barragan,Texas Wesleyan,fall,Kailey Rees,Providence,Fall 2:19,Champ. Round 2 - Samantha Barragan (Texas Wesleyan) won by fall over Kailey Rees (Providence) Fall 2:19
NAIA Women's National Championships 2025,923487132,NAIA 138,Champ. Round 2,Kendall Bostelman,William Penn,tech fall,Natalia Posada,Oklahoma City,TF 10-0,Champ. Round 2 - Kendall Bostelman (William Penn) won by tech fall over Natalia Posada (Oklahoma City) TF 10-0
NAIA Women's National Championships 2025,923487132,NAIA 138,Champ. Round 2,Jordan Suarez,Wayland Baptist,fall,Addison Messerly,Campbellsville,Fall 5:04,Champ. Round 2 - Jordan Suarez (Wayland Baptist) won by fall over Addison Messerly (Campbellsville) Fall 5:04
NAIA Women's National Championships 2025,923487132,NAIA 138,Champ. Round 2,Reagen Gallaway,Hastings,tech fall,Isabelle Hawley,William Penn,TF 12-1,Champ. Round 2 - Reagen Gallaway (Hastings) won by tech fall over Isabelle Hawley (William Penn) TF 12-1
NAIA Women's National Championships 2025,923487132,NAIA 138,Champ. Round 2,Kori Campbell,Lindsey Wilson,fall,Gianna Moreno,Friends,Fall 3:31,Champ. Round 2 - Kori Campbell (Lindsey Wilson) won by fall over Gianna Moreno (Friends) Fall 3:31
NAIA Women's National Championships 2025,923487132,NAIA 138,Champ. Round 2,Waipuilani Estrella-Beauchamp,Providence,fall,Serenity De La Garza,Missouri Valley,Fall 1:56,Champ. Round 2 - Waipuilani Estrella-Beauchamp (Providence) won by fall over Serenity De La Garza (Missouri Valley) Fall 1:56
NAIA Women's National Championships 2025,923487132,NAIA 138,Champ. Round 1,Gabriella Perez,Campbellsville,decision,Lilly Gough,Central Methodist,Dec 9-1,Champ. Round 1 - Gabriella Perez (Campbellsville) won by decision over Lilly Gough (Central Methodist) Dec 9-1
NAIA Women's National Championships 2025,923487132,NAIA 138,Champ. Round 1,Kendall Bostelman,William Penn,fall,Tabitha Wood,Hastings,Fall 0:30,Champ. Round 1 - Kendall Bostelman (William Penn) won by fall over Tabitha Wood (Hastings) Fall 0:30
NAIA Women's National Championships 2025,923487132,NAIA 138,Champ. Round 1,Isabelle Hawley,William Penn,fall,Jaclyn Riedinger,Avila,Fall 0:29,Champ. Round 1 - Isabelle Hawley (William Penn) won by fall over Jaclyn Riedinger (Avila) Fall 0:29
NAIA Women's National Championships 2025,923487132,NAIA 138,Champ. Round 1,Serenity De La Garza,Missouri Valley,tech fall,Livia Swift,Ottawa,TF 10-0,Champ. Round 1 - Serenity De La Garza (Missouri Valley) won by tech fall over Livia Swift (Ottawa) TF 10-0
NAIA Women's National Championships 2025,923487132,NAIA 145,1st Place Match,Esther Kolawole,William Penn,decision,Jamilah Mcbryde,Life,Dec 12-5,1st Place Match - Esther Kolawole (William Penn) won by decision over Jamilah Mcbryde (Life) Dec 12-5
NAIA Women's National Championships 2025,923487132,NAIA 145,3rd Place Match,Liv Wieber,Eastern Oregon,fall,Sevreign Aumua,Missouri Valley,Fall 2:54,3rd Place Match - Liv Wieber (Eastern Oregon) won by fall over Sevreign Aumua (Missouri Valley) Fall 2:54
NAIA Women's National Championships 2025,923487132,NAIA 145,5th Place Match,Bridgette Sotomayor,Doane,fall,Aubrey Yauger,Texas Wesleyan,Fall 4:33,5th Place Match - Bridgette Sotomayor (Doane) won by fall over Aubrey Yauger (Texas Wesleyan) Fall 4:33
NAIA Women's National Championships 2025,923487132,NAIA 145,7th Place Match,Alivia Ming,Cumberlands,disqualification,Anastasia Hardin,Missouri Baptist,DQ,7th Place Match - Alivia Ming (Cumberlands) won by disqualification over Anastasia Hardin (Missouri Baptist) DQ
NAIA Women's National Championships 2025,923487132,NAIA 145,Cons. Semi,Liv Wieber,Eastern Oregon,fall,Bridgette Sotomayor,Doane,Fall 5:21,Cons. Semi - Liv Wieber (Eastern Oregon) won by fall over Bridgette Sotomayor (Doane) Fall 5:21
NAIA Women's National Championships 2025,923487132,NAIA 145,Cons. Semi,Sevreign Aumua,Missouri Valley,fall,Aubrey Yauger,Texas Wesleyan,Fall 2:51,Cons. Semi - Sevreign Aumua (Missouri Valley) won by fall over Aubrey Yauger (Texas Wesleyan) Fall 2:51
NAIA Women's National Championships 2025,923487132,NAIA 145,Cons. Round 5,Bridgette Sotomayor,Doane,disqualification,Anastasia Hardin,Missouri Baptist,DQ,Cons. Round 5 - Bridgette Sotomayor (Doane) won by disqualification over Anastasia Hardin (Missouri Baptist) DQ
NAIA Women's National Championships 2025,923487132,NAIA 145,Cons. Round 5,Aubrey Yauger,Texas Wesleyan,fall,Alivia Ming,Cumberlands,Fall 3:45,Cons. Round 5 - Aubrey Yauger (Texas Wesleyan) won by fall over Alivia Ming (Cumberlands) Fall 3:45
NAIA Women's National Championships 2025,923487132,NAIA 145,Semifinal,Jamilah Mcbryde,Life,tech fall,Sevreign Aumua,Missouri Valley,TF 14-4,Semifinal - Jamilah Mcbryde (Life) won by tech fall over Sevreign Aumua (Missouri Valley) TF 14-4
NAIA Women's National Championships 2025,923487132,NAIA 145,Semifinal,Esther Kolawole,William Penn,tech fall,Liv Wieber,Eastern Oregon,TF 11-0,Semifinal - Esther Kolawole (William Penn) won by tech fall over Liv Wieber (Eastern Oregon) TF 11-0
NAIA Women's National Championships 2025,923487132,NAIA 145,Cons. Round 4,Bridgette Sotomayor,Doane,fall,Krista Warren,Grand View,Fall 4:41,Cons. Round 4 - Bridgette Sotomayor (Doane) won by fall over Krista Warren (Grand View) Fall 4:41
NAIA Women's National Championships 2025,923487132,NAIA 145,Cons. Round 4,Anastasia Hardin,Missouri Baptist,fall,Aspen Dodge,Providence,Fall 5:16,Cons. Round 4 - Anastasia Hardin (Missouri Baptist) won by fall over Aspen Dodge (Providence) Fall 5:16
NAIA Women's National Championships 2025,923487132,NAIA 145,Cons. Round 4,Alivia Ming,Cumberlands,decision,Josselinne Campos,Lindsey Wilson,Dec 4-2,Cons. Round 4 - Alivia Ming (Cumberlands) won by decision over Josselinne Campos (Lindsey Wilson) Dec 4-2
NAIA Women's National Championships 2025,923487132,NAIA 145,Cons. Round 4,Aubrey Yauger,Texas Wesleyan,decision,Esther Han,Providence,Dec 5-2,Cons. Round 4 - Aubrey Yauger (Texas Wesleyan) won by decision over Esther Han (Providence) Dec 5-2
NAIA Women's National Championships 2025,923487132,NAIA 145,Cons. Round 3,Bridgette Sotomayor,Doane,decision,Emma Stice,Hastings,Dec 9-4,Cons. Round 3 - Bridgette Sotomayor (Doane) won by decision over Emma Stice (Hastings) Dec 9-4
NAIA Women's National Championships 2025,923487132,NAIA 145,Cons. Round 3,Anastasia Hardin,Missouri Baptist,fall,Berlyn Davis,Westcliff,Fall 1:53,Cons. Round 3 - Anastasia Hardin (Missouri Baptist) won by fall over Berlyn Davis (Westcliff) Fall 1:53
NAIA Women's National Championships 2025,923487132,NAIA 145,Cons. Round 3,Alivia Ming,Cumberlands,fall,Aniseta Acosta,Missouri Valley,Fall 2:16,Cons. Round 3 - Alivia Ming (Cumberlands) won by fall over Aniseta Acosta (Missouri Valley) Fall 2:16
NAIA Women's National Championships 2025,923487132,NAIA 145,Cons. Round 3,Esther Han,Providence,fall,Ann Meiman,Jamestown,Fall 5:53,Cons. Round 3 - Esther Han (Providence) won by fall over Ann Meiman (Jamestown) Fall 5:53
NAIA Women's National Championships 2025,923487132,NAIA 145,Quarterfinal,Jamilah Mcbryde,Life,tech fall,Aspen Dodge,Providence,TF 12-0,Quarterfinal - Jamilah Mcbryde (Life) won by tech fall over Aspen Dodge (Providence) TF 12-0
NAIA Women's National Championships 2025,923487132,NAIA 145,Quarterfinal,Sevreign Aumua,Missouri Valley,tech fall,Krista Warren,Grand View,TF 11-0,Quarterfinal - Sevreign Aumua (Missouri Valley) won by tech fall over Krista Warren (Grand View) TF 11-0
NAIA Women's National Championships 2025,923487132,NAIA 145,Quarterfinal,Esther Kolawole,William Penn,tech fall,Aubrey Yauger,Texas Wesleyan,TF 10-0,Quarterfinal - Esther Kolawole (William Penn) won by tech fall over Aubrey Yauger (Texas Wesleyan) TF 10-0
NAIA Women's National Championships 2025,923487132,NAIA 145,Quarterfinal,Liv Wieber,Eastern Oregon,decision,Josselinne Campos,Lindsey Wilson,Dec 5-0,Quarterfinal - Liv Wieber (Eastern Oregon) won by decision over Josselinne Campos (Lindsey Wilson) Dec 5-0
NAIA Women's National Championships 2025,923487132,NAIA 145,Cons. Round 2,Bridgette Sotomayor,Doane,decision,Holland Wieber,Southern Oregon,Dec 11-5,Cons. Round 2 - Bridgette Sotomayor (Doane) won by decision over Holland Wieber (Southern Oregon) Dec 11-5
NAIA Women's National Championships 2025,923487132,NAIA 145,Cons. Round 2,Anastasia Hardin,Missouri Baptist,fall,Makena Schramm,Midland,Fall 4:38,Cons. Round 2 - Anastasia Hardin (Missouri Baptist) won by fall over Makena Schramm (Midland) Fall 4:38
NAIA Women's National Championships 2025,923487132,NAIA 145,Cons. Round 2,Berlyn Davis,Westcliff,fall,Aevri Ciha,Doane,Fall 1:38,Cons. Round 2 - Berlyn Davis (Westcliff) won by fall over Aevri Ciha (Doane) Fall 1:38
NAIA Women's National Championships 2025,923487132,NAIA 145,Cons. Round 2,Alivia Ming,Cumberlands,fall,Naida Abdijanovic,William Penn,Fall 4:03,Cons. Round 2 - Alivia Ming (Cumberlands) won by fall over Naida Abdijanovic (William Penn) Fall 4:03
NAIA Women's National Championships 2025,923487132,NAIA 145,Cons. Round 2,Aniseta Acosta,Missouri Valley,tech fall,Lisa Hoeflich,Hastings,TF 11-0,Cons. Round 2 - Aniseta Acosta (Missouri Valley) won by tech fall over Lisa Hoeflich (Hastings) TF 11-0
NAIA Women's National Championships 2025,923487132,NAIA 145,Cons. Round 2,Esther Han,Providence,fall,Lexi Ritchie,Lindsey Wilson,Fall 4:30,Cons. Round 2 - Esther Han (Providence) won by fall over Lexi Ritchie (Lindsey Wilson) Fall 4:30
NAIA Women's National Championships 2025,923487132,NAIA 145,Cons. Round 2,Ann Meiman,Jamestown,fall,Makayla Munoz,Oklahoma City,Fall 0:53,Cons. Round 2 - Ann Meiman (Jamestown) won by fall over Makayla Munoz (Oklahoma City) Fall 0:53
NAIA Women's National Championships 2025,923487132,NAIA 145,Champ. Round 2,Jamilah Mcbryde,Life,tech fall,Ann Meiman,Jamestown,TF 10-0,Champ. Round 2 - Jamilah Mcbryde (Life) won by tech fall over Ann Meiman (Jamestown) TF 10-0
NAIA Women's National Championships 2025,923487132,NAIA 145,Champ. Round 2,Aspen Dodge,Providence,fall,Lexi Ritchie,Lindsey Wilson,Fall 5:15,Champ. Round 2 - Aspen Dodge (Providence) won by fall over Lexi Ritchie (Lindsey Wilson) Fall 5:15
NAIA Women's National Championships 2025,923487132,NAIA 145,Champ. Round 2,Krista Warren,Grand View,fall,Lisa Hoeflich,Hastings,Fall 2:26,Champ. Round 2 - Krista Warren (Grand View) won by fall over Lisa Hoeflich (Hastings) Fall 2:26
NAIA Women's National Championships 2025,923487132,NAIA 145,Champ. Round 2,Sevreign Aumua,Missouri Valley,tech fall,Naida Abdijanovic,William Penn,TF 10-0,Champ. Round 2 - Sevreign Aumua (Missouri Valley) won by tech fall over Naida Abdijanovic (William Penn) TF 10-0
NAIA Women's National Championships 2025,923487132,NAIA 145,Champ. Round 2,Esther Kolawole,William Penn,tech fall,Berlyn Davis,Westcliff,TF 10-0,Champ. Round 2 - Esther Kolawole (William Penn) won by tech fall over Berlyn Davis (Westcliff) TF 10-0
NAIA Women's National Championships 2025,923487132,NAIA 145,Champ. Round 2,Aubrey Yauger,Texas Wesleyan,fall,Anastasia Hardin,Missouri Baptist,Fall 5:26,Champ. Round 2 - Aubrey Yauger (Texas Wesleyan) won by fall over Anastasia Hardin (Missouri Baptist) Fall 5:26
NAIA Women's National Championships 2025,923487132,NAIA 145,Champ. Round 2,Josselinne Campos,Lindsey Wilson,decision,Emma Stice,Hastings,Dec 9-9,Champ. Round 2 - Josselinne Campos (Lindsey Wilson) won by decision over Emma Stice (Hastings) Dec 9-9
NAIA Women's National Championships 2025,923487132,NAIA 145,Champ. Round 2,Liv Wieber,Eastern Oregon,fall,Bridgette Sotomayor,Doane,Fall 1:50,Champ. Round 2 - Liv Wieber (Eastern Oregon) won by fall over Bridgette Sotomayor (Doane) Fall 1:50
NAIA Women's National Championships 2025,923487132,NAIA 145,Champ. Round 1,Jamilah Mcbryde,Life,fall,Holland Wieber,Southern Oregon,Fall 1:05,Champ. Round 1 - Jamilah Mcbryde (Life) won by fall over Holland Wieber (Southern Oregon) Fall 1:05
NAIA Women's National Championships 2025,923487132,NAIA 145,Champ. Round 1,Lisa Hoeflich,Hastings,decision,Makena Schramm,Midland,Dec 7-2,Champ. Round 1 - Lisa Hoeflich (Hastings) won by decision over Makena Schramm (Midland) Dec 7-2
NAIA Women's National Championships 2025,923487132,NAIA 145,Champ. Round 1,Sevreign Aumua,Missouri Valley,tech fall,Aevri Ciha,Doane,TF 12-0,Champ. Round 1 - Sevreign Aumua (Missouri Valley) won by tech fall over Aevri Ciha (Doane) TF 12-0
NAIA Women's National Championships 2025,923487132,NAIA 145,Champ. Round 1,Esther Kolawole,William Penn,tech fall,Alivia Ming,Cumberlands,TF 10-0,Champ. Round 1 - Esther Kolawole (William Penn) won by tech fall over Alivia Ming (Cumberlands) TF 10-0
NAIA Women's National Championships 2025,923487132,NAIA 145,Champ. Round 1,Anastasia Hardin,Missouri Baptist,fall,Aniseta Acosta,Missouri Valley,Fall 3:46,Champ. Round 1 - Anastasia Hardin (Missouri Baptist) won by fall over Aniseta Acosta (Missouri Valley) Fall 3:46
NAIA Women's National Championships 2025,923487132,NAIA 145,Champ. Round 1,Josselinne Campos,Lindsey Wilson,decision,Esther Han,Providence,Dec 5-4,Champ. Round 1 - Josselinne Campos (Lindsey Wilson) won by decision over Esther Han (Providence) Dec 5-4
NAIA Women's National Championships 2025,923487132,NAIA 145,Champ. Round 1,Liv Wieber,Eastern Oregon,fall,Makayla Munoz,Oklahoma City,Fall 2:35,Champ. Round 1 - Liv Wieber (Eastern Oregon) won by fall over Makayla Munoz (Oklahoma City) Fall 2:35
NAIA Women's National Championships 2025,923487132,NAIA 160,1st Place Match,Latifah Mcbryde,Life,decision,Darby Weidl,Ottawa,Dec 7-2,1st Place Match - Latifah Mcbryde (Life) won by decision over Darby Weidl (Ottawa) Dec 7-2
NAIA Women's National Championships 2025,923487132,NAIA 160,3rd Place Match,Flor Parker Borrero,Evergreen State,fall,Micah Fisher,Cumberlands,Fall 1:28,3rd Place Match - Flor Parker Borrero (Evergreen State) won by fall over Micah Fisher (Cumberlands) Fall 1:28
NAIA Women's National Championships 2025,923487132,NAIA 160,5th Place Match,Josette Partney,Missouri Baptist,injury default,Allyssa Johnson,Jamestown,Inj. 0:00,5th Place Match - Josette Partney (Missouri Baptist) won by injury default over Allyssa Johnson (Jamestown) Inj. 0:00
NAIA Women's National Championships 2025,923487132,NAIA 160,7th Place Match,Aspen Barber,Doane,fall,Abigail Sebesta,Ottawa,Fall 2:08,7th Place Match - Aspen Barber (Doane) won by fall over Abigail Sebesta (Ottawa) Fall 2:08
NAIA Women's National Championships 2025,923487132,NAIA 160,Cons. Semi,Micah Fisher,Cumberlands,injury default,Allyssa Johnson,Jamestown,Inj. 4:07,Cons. Semi - Micah Fisher (Cumberlands) won by injury default over Allyssa Johnson (Jamestown) Inj. 4:07
NAIA Women's National Championships 2025,923487132,NAIA 160,Cons. Semi,Flor Parker Borrero,Evergreen State,fall,Josette Partney,Missouri Baptist,Fall 1:36,Cons. Semi - Flor Parker Borrero (Evergreen State) won by fall over Josette Partney (Missouri Baptist) Fall 1:36
NAIA Women's National Championships 2025,923487132,NAIA 160,Cons. Round 5,Micah Fisher,Cumberlands,fall,Aspen Barber,Doane,Fall 2:34,Cons. Round 5 - Micah Fisher (Cumberlands) won by fall over Aspen Barber (Doane) Fall 2:34
NAIA Women's National Championships 2025,923487132,NAIA 160,Cons. Round 5,Flor Parker Borrero,Evergreen State,fall,Abigail Sebesta,Ottawa,Fall 1:31,Cons. Round 5 - Flor Parker Borrero (Evergreen State) won by fall over Abigail Sebesta (Ottawa) Fall 1:31
NAIA Women's National Championships 2025,923487132,NAIA 160,Semifinal,Latifah Mcbryde,Life,decision,Josette Partney,Missouri Baptist,Dec 7-2,Semifinal - Latifah Mcbryde (Life) won by decision over Josette Partney (Missouri Baptist) Dec 7-2
NAIA Women's National Championships 2025,923487132,NAIA 160,Semifinal,Darby Weidl,Ottawa,fall,Allyssa Johnson,Jamestown,Fall 5:27,Semifinal - Darby Weidl (Ottawa) won by fall over Allyssa Johnson (Jamestown) Fall 5:27
NAIA Women's National Championships 2025,923487132,NAIA 160,Cons. Round 4,Micah Fisher,Cumberlands,tech fall,Kylee Tait,Campbellsville,TF 11-0,Cons. Round 4 - Micah Fisher (Cumberlands) won by tech fall over Kylee Tait (Campbellsville) TF 11-0
NAIA Women's National Championships 2025,923487132,NAIA 160,Cons. Round 4,Aspen Barber,Doane,decision,Alexa Wolf,William Penn,Dec 8-1,Cons. Round 4 - Aspen Barber (Doane) won by decision over Alexa Wolf (William Penn) Dec 8-1
NAIA Women's National Championships 2025,923487132,NAIA 160,Cons. Round 4,Flor Parker Borrero,Evergreen State,fall,Taydem Khamjoi,Texas Wesleyan,Fall 1:28,Cons. Round 4 - Flor Parker Borrero (Evergreen State) won by fall over Taydem Khamjoi (Texas Wesleyan) Fall 1:28
NAIA Women's National Championships 2025,923487132,NAIA 160,Cons. Round 4,Abigail Sebesta,Ottawa,injury default,Quilaztli Miguel-Lapham,Southern Oregon,Inj. 0:00,Cons. Round 4 - Abigail Sebesta (Ottawa) won by injury default over Quilaztli Miguel-Lapham (Southern Oregon) Inj. 0:00
NAIA Women's National Championships 2025,923487132,NAIA 160,Cons. Round 3,Kylee Tait,Campbellsville,fall,Kiley Hubby,Dickinson State,Fall 5:36,Cons. Round 3 - Kylee Tait (Campbellsville) won by fall over Kiley Hubby (Dickinson State) Fall 5:36
NAIA Women's National Championships 2025,923487132,NAIA 160,Cons. Round 3,Alexa Wolf,William Penn,fall,Corin Lowe,Oklahoma City,Fall 5:48,Cons. Round 3 - Alexa Wolf (William Penn) won by fall over Corin Lowe (Oklahoma City) Fall 5:48
NAIA Women's National Championships 2025,923487132,NAIA 160,Cons. Round 3,Taydem Khamjoi,Texas Wesleyan,tech fall,Emmalee Spurgeon,Grand View,TF 12-0,Cons. Round 3 - Taydem Khamjoi (Texas Wesleyan) won by tech fall over Emmalee Spurgeon (Grand View) TF 12-0
NAIA Women's National Championships 2025,923487132,NAIA 160,Cons. Round 3,Abigail Sebesta,Ottawa,fall,Hailey Sutton,Providence,Fall 1:10,Cons. Round 3 - Abigail Sebesta (Ottawa) won by fall over Hailey Sutton (Providence) Fall 1:10
NAIA Women's National Championships 2025,923487132,NAIA 160,Quarterfinal,Latifah Mcbryde,Life,tech fall,Aspen Barber,Doane,TF 10-0,Quarterfinal - Latifah Mcbryde (Life) won by tech fall over Aspen Barber (Doane) TF 10-0
NAIA Women's National Championships 2025,923487132,NAIA 160,Quarterfinal,Josette Partney,Missouri Baptist,decision,Micah Fisher,Cumberlands,Dec 5-1,Quarterfinal - Josette Partney (Missouri Baptist) won by decision over Micah Fisher (Cumberlands) Dec 5-1
NAIA Women's National Championships 2025,923487132,NAIA 160,Quarterfinal,Allyssa Johnson,Jamestown,injury default,Quilaztli Miguel-Lapham,Southern Oregon,Inj. 4:56,Quarterfinal - Allyssa Johnson (Jamestown) won by injury default over Quilaztli Miguel-Lapham (Southern Oregon) Inj. 4:56
NAIA Women's National Championships 2025,923487132,NAIA 160,Quarterfinal,Darby Weidl,Ottawa,decision,Flor Parker Borrero,Evergreen State,Dec 13-8,Quarterfinal - Darby Weidl (Ottawa) won by decision over Flor Parker Borrero (Evergreen State) Dec 13-8
NAIA Women's National Championships 2025,923487132,NAIA 160,Cons. Round 2,Kiley Hubby,Dickinson State,decision,Isabella Deeds,Hastings,Dec 9-0,Cons. Round 2 - Kiley Hubby (Dickinson State) won by decision over Isabella Deeds (Hastings) Dec 9-0
NAIA Women's National Championships 2025,923487132,NAIA 160,Cons. Round 2,Alexa Wolf,William Penn,decision,Mohagany Casel,Wayland Baptist,Dec 6-5,Cons. Round 2 - Alexa Wolf (William Penn) won by decision over Mohagany Casel (Wayland Baptist) Dec 6-5
NAIA Women's National Championships 2025,923487132,NAIA 160,Cons. Round 2,Taydem Khamjoi,Texas Wesleyan,fall,Amelia Frounfelter,Saint Mary,Fall 1:31,Cons. Round 2 - Taydem Khamjoi (Texas Wesleyan) won by fall over Amelia Frounfelter (Saint Mary) Fall 1:31
NAIA Women's National Championships 2025,923487132,NAIA 160,Cons. Round 2,Hailey Sutton,Providence,fall,Lamia Benn,Doane,Fall 4:33,Cons. Round 2 - Hailey Sutton (Providence) won by fall over Lamia Benn (Doane) Fall 4:33
NAIA Women's National Championships 2025,923487132,NAIA 160,Champ. Round 2,Latifah Mcbryde,Life,tech fall,Abigail Sebesta,Ottawa,TF 10-0,Champ. Round 2 - Latifah Mcbryde (Life) won by tech fall over Abigail Sebesta (Ottawa) TF 10-0
NAIA Women's National Championships 2025,923487132,NAIA 160,Champ. Round 2,Aspen Barber,Doane,decision,Hailey Sutton,Providence,Dec 4-1,Champ. Round 2 - Aspen Barber (Doane) won by decision over Hailey Sutton (Providence) Dec 4-1
NAIA Women's National Championships 2025,923487132,NAIA 160,Champ. Round 2,Josette Partney,Missouri Baptist,decision,Emmalee Spurgeon,Grand View,Dec 5-1,Champ. Round 2 - Josette Partney (Missouri Baptist) won by decision over Emmalee Spurgeon (Grand View) Dec 5-1
NAIA Women's National Championships 2025,923487132,NAIA 160,Champ. Round 2,Micah Fisher,Cumberlands,fall,Taydem Khamjoi,Texas Wesleyan,Fall 4:35,Champ. Round 2 - Micah Fisher (Cumberlands) won by fall over Taydem Khamjoi (Texas Wesleyan) Fall 4:35
NAIA Women's National Championships 2025,923487132,NAIA 160,Champ. Round 2,Quilaztli Miguel-Lapham,Southern Oregon,tech fall,Corin Lowe,Oklahoma City,TF 11-1,Champ. Round 2 - Quilaztli Miguel-Lapham (Southern Oregon) won by tech fall over Corin Lowe (Oklahoma City) TF 11-1
NAIA Women's National Championships 2025,923487132,NAIA 160,Champ. Round 2,Allyssa Johnson,Jamestown,tech fall,Alexa Wolf,William Penn,TF 10-0,Champ. Round 2 - Allyssa Johnson (Jamestown) won by tech fall over Alexa Wolf (William Penn) TF 10-0
NAIA Women's National Championships 2025,923487132,NAIA 160,Champ. Round 2,Darby Weidl,Ottawa,tech fall,Kylee Tait,Campbellsville,TF 10-0,Champ. Round 2 - Darby Weidl (Ottawa) won by tech fall over Kylee Tait (Campbellsville) TF 10-0
NAIA Women's National Championships 2025,923487132,NAIA 160,Champ. Round 2,Flor Parker Borrero,Evergreen State,fall,Kiley Hubby,Dickinson State,Fall 0:34,Champ. Round 2 - Flor Parker Borrero (Evergreen State) won by fall over Kiley Hubby (Dickinson State) Fall 0:34
NAIA Women's National Championships 2025,923487132,NAIA 160,Champ. Round 1,Abigail Sebesta,Ottawa,fall,Isabella Deeds,Hastings,Fall 1:04,Champ. Round 1 - Abigail Sebesta (Ottawa) won by fall over Isabella Deeds (Hastings) Fall 1:04
NAIA Women's National Championships 2025,923487132,NAIA 160,Champ. Round 1,Josette Partney,Missouri Baptist,tech fall,Mohagany Casel,Wayland Baptist,TF 10-0,Champ. Round 1 - Josette Partney (Missouri Baptist) won by tech fall over Mohagany Casel (Wayland Baptist) TF 10-0
NAIA Women's National Championships 2025,923487132,NAIA 160,Champ. Round 1,Quilaztli Miguel-Lapham,Southern Oregon,fall,Amelia Frounfelter,Saint Mary,Fall 2:24,Champ. Round 1 - Quilaztli Miguel-Lapham (Southern Oregon) won by fall over Amelia Frounfelter (Saint Mary) Fall 2:24
NAIA Women's National Championships 2025,923487132,NAIA 160,Champ. Round 1,Darby Weidl,Ottawa,tech fall,Lamia Benn,Doane,TF 10-0,Champ. Round 1 - Darby Weidl (Ottawa) won by tech fall over Lamia Benn (Doane) TF 10-0
NAIA Women's National Championships 2025,923487132,NAIA 180,1st Place Match,Ashley Lekas,Texas Wesleyan,tech fall,Kelani Corbett,Missouri Valley,TF 12-2,1st Place Match - Ashley Lekas (Texas Wesleyan) won by tech fall over Kelani Corbett (Missouri Valley) TF 12-2
NAIA Women's National Championships 2025,923487132,NAIA 180,3rd Place Match,Jannell Avila,Baker,fall,India Page,Lindsey Wilson,Fall 5:23,3rd Place Match - Jannell Avila (Baker) won by fall over India Page (Lindsey Wilson) Fall 5:23
NAIA Women's National Championships 2025,923487132,NAIA 180,5th Place Match,Liliana Vergara,Campbellsville,fall,Lillian Gradillas-Flores,Southern Oregon,Fall 0:27,5th Place Match - Liliana Vergara (Campbellsville) won by fall over Lillian Gradillas-Flores (Southern Oregon) Fall 0:27
NAIA Women's National Championships 2025,923487132,NAIA 180,7th Place Match,Reka Busa,Life,fall,America Lopez,William Penn,Fall 0:43,7th Place Match - Reka Busa (Life) won by fall over America Lopez (William Penn) Fall 0:43
NAIA Women's National Championships 2025,923487132,NAIA 180,Cons. Semi,Jannell Avila,Baker,decision,Lillian Gradillas-Flores,Southern Oregon,Dec 5-1,Cons. Semi - Jannell Avila (Baker) won by decision over Lillian Gradillas-Flores (Southern Oregon) Dec 5-1
NAIA Women's National Championships 2025,923487132,NAIA 180,Cons. Semi,India Page,Lindsey Wilson,decision,Liliana Vergara,Campbellsville,Dec 7-0,Cons. Semi - India Page (Lindsey Wilson) won by decision over Liliana Vergara (Campbellsville) Dec 7-0
NAIA Women's National Championships 2025,923487132,NAIA 180,Cons. Round 5,Lillian Gradillas-Flores,Southern Oregon,decision,America Lopez,William Penn,Dec 6-0,Cons. Round 5 - Lillian Gradillas-Flores (Southern Oregon) won by decision over America Lopez (William Penn) Dec 6-0
NAIA Women's National Championships 2025,923487132,NAIA 180,Cons. Round 5,India Page,Lindsey Wilson,fall,Reka Busa,Life,Fall 2:53,Cons. Round 5 - India Page (Lindsey Wilson) won by fall over Reka Busa (Life) Fall 2:53
NAIA Women's National Championships 2025,923487132,NAIA 180,Semifinal,Ashley Lekas,Texas Wesleyan,tech fall,Liliana Vergara,Campbellsville,TF 10-0,Semifinal - Ashley Lekas (Texas Wesleyan) won by tech fall over Liliana Vergara (Campbellsville) TF 10-0
NAIA Women's National Championships 2025,923487132,NAIA 180,Semifinal,Kelani Corbett,Missouri Valley,fall,Jannell Avila,Baker,Fall 3:39,Semifinal - Kelani Corbett (Missouri Valley) won by fall over Jannell Avila (Baker) Fall 3:39
NAIA Women's National Championships 2025,923487132,NAIA 180,Cons. Round 4,America Lopez,William Penn,tech fall,Bailey Dennis,Southern Oregon,TF 10-0,Cons. Round 4 - America Lopez (William Penn) won by tech fall over Bailey Dennis (Southern Oregon) TF 10-0
NAIA Women's National Championships 2025,923487132,NAIA 180,Cons. Round 4,Lillian Gradillas-Flores,Southern Oregon,decision,Saiheron Preciado-Meza,Cumberlands,Dec 7-0,Cons. Round 4 - Lillian Gradillas-Flores (Southern Oregon) won by decision over Saiheron Preciado-Meza (Cumberlands) Dec 7-0
NAIA Women's National Championships 2025,923487132,NAIA 180,Cons. Round 4,India Page,Lindsey Wilson,fall,Siara Arrington,Ottawa,Fall 1:01,Cons. Round 4 - India Page (Lindsey Wilson) won by fall over Siara Arrington (Ottawa) Fall 1:01
NAIA Women's National Championships 2025,923487132,NAIA 180,Cons. Round 4,Reka Busa,Life,fall,Catherine Mcnulty,Indiana Tech,Fall 0:26,Cons. Round 4 - Reka Busa (Life) won by fall over Catherine Mcnulty (Indiana Tech) Fall 0:26
NAIA Women's National Championships 2025,923487132,NAIA 180,Cons. Round 3,America Lopez,William Penn,tech fall,Marissa Patterson,Hastings,TF 11-0,Cons. Round 3 - America Lopez (William Penn) won by tech fall over Marissa Patterson (Hastings) TF 11-0
NAIA Women's National Championships 2025,923487132,NAIA 180,Cons. Round 3,Lillian Gradillas-Flores,Southern Oregon,fall,Yazmin Belk,Doane,Fall 0:48,Cons. Round 3 - Lillian Gradillas-Flores (Southern Oregon) won by fall over Yazmin Belk (Doane) Fall 0:48
NAIA Women's National Championships 2025,923487132,NAIA 180,Cons. Round 3,Siara Arrington,Ottawa,fall,Kaylee Davis,Ottawa,Fall 1:03,Cons. Round 3 - Siara Arrington (Ottawa) won by fall over Kaylee Davis (Ottawa) Fall 1:03
NAIA Women's National Championships 2025,923487132,NAIA 180,Cons. Round 3,Catherine Mcnulty,Indiana Tech,decision,Grace Doering,Indiana Tech,Dec 2-2,Cons. Round 3 - Catherine Mcnulty (Indiana Tech) won by decision over Grace Doering (Indiana Tech) Dec 2-2
NAIA Women's National Championships 2025,923487132,NAIA 180,Quarterfinal,Ashley Lekas,Texas Wesleyan,tech fall,Saiheron Preciado-Meza,Cumberlands,TF 11-0,Quarterfinal - Ashley Lekas (Texas Wesleyan) won by tech fall over Saiheron Preciado-Meza (Cumberlands) TF 11-0
NAIA Women's National Championships 2025,923487132,NAIA 180,Quarterfinal,Liliana Vergara,Campbellsville,decision,Bailey Dennis,Southern Oregon,Dec 5-0,Quarterfinal - Liliana Vergara (Campbellsville) won by decision over Bailey Dennis (Southern Oregon) Dec 5-0
NAIA Women's National Championships 2025,923487132,NAIA 180,Quarterfinal,Kelani Corbett,Missouri Valley,tech fall,Reka Busa,Life,TF 11-0,Quarterfinal - Kelani Corbett (Missouri Valley) won by tech fall over Reka Busa (Life) TF 11-0
NAIA Women's National Championships 2025,923487132,NAIA 180,Quarterfinal,Jannell Avila,Baker,fall,India Page,Lindsey Wilson,Fall 5:48,Quarterfinal - Jannell Avila (Baker) won by fall over India Page (Lindsey Wilson) Fall 5:48
NAIA Women's National Championships 2025,923487132,NAIA 180,Cons. Round 2,America Lopez,William Penn,fall,Emma Schreiber,Missouri Baptist,Fall 2:16,Cons. Round 2 - America Lopez (William Penn) won by fall over Emma Schreiber (Missouri Baptist) Fall 2:16
NAIA Women's National Championships 2025,923487132,NAIA 180,Cons. Round 2,Lillian Gradillas-Flores,Southern Oregon,tech fall,Ella Murphey,Oklahoma City,TF 13-2,Cons. Round 2 - Lillian Gradillas-Flores (Southern Oregon) won by tech fall over Ella Murphey (Oklahoma City) TF 13-2
NAIA Women's National Championships 2025,923487132,NAIA 180,Cons. Round 2,Kaylee Davis,Ottawa,fall,Nevaeh Wardlow,Baker,Fall 1:55,Cons. Round 2 - Kaylee Davis (Ottawa) won by fall over Nevaeh Wardlow (Baker) Fall 1:55
NAIA Women's National Championships 2025,923487132,NAIA 180,,,,,,,,Cons. Round 2 - Catherine Mcnulty (Indiana Tech) won by forfeit over (Forfeit) Bailee Nelson (Friends) FF
NAIA Women's National Championships 2025,923487132,NAIA 180,Cons. Round 2,Grace Doering,Indiana Tech,fall,Kyree Rubio,Westcliff,Fall 3:21,Cons. Round 2 - Grace Doering (Indiana Tech) won by fall over Kyree Rubio (Westcliff) Fall 3:21
NAIA Women's National Championships 2025,923487132,NAIA 180,Champ. Round 2,Ashley Lekas,Texas Wesleyan,tech fall,Grace Doering,Indiana Tech,TF 10-0,Champ. Round 2 - Ashley Lekas (Texas Wesleyan) won by tech fall over Grace Doering (Indiana Tech) TF 10-0
NAIA Women's National Championships 2025,923487132,NAIA 180,,,,,,,,Champ. Round 2 - Saiheron Preciado-Meza (Cumberlands) won by forfeit over (Forfeit) Bailee Nelson (Friends) FF
NAIA Women's National Championships 2025,923487132,NAIA 180,Champ. Round 2,Liliana Vergara,Campbellsville,fall,Nevaeh Wardlow,Baker,Fall 1:04,Champ. Round 2 - Liliana Vergara (Campbellsville) won by fall over Nevaeh Wardlow (Baker) Fall 1:04
NAIA Women's National Championships 2025,923487132,NAIA 180,Champ. Round 2,Bailey Dennis,Southern Oregon,decision,Siara Arrington,Ottawa,Dec 8-1,Champ. Round 2 - Bailey Dennis (Southern Oregon) won by decision over Siara Arrington (Ottawa) Dec 8-1
NAIA Women's National Championships 2025,923487132,NAIA 180,Champ. Round 2,Kelani Corbett,Missouri Valley,tech fall,Lillian Gradillas-Flores,Southern Oregon,TF 11-0,Champ. Round 2 - Kelani Corbett (Missouri Valley) won by tech fall over Lillian Gradillas-Flores (Southern Oregon) TF 11-0
NAIA Women's National Championships 2025,923487132,NAIA 180,Champ. Round 2,Reka Busa,Life,tech fall,Yazmin Belk,Doane,TF 11-0,Champ. Round 2 - Reka Busa (Life) won by tech fall over Yazmin Belk (Doane) TF 11-0
NAIA Women's National Championships 2025,923487132,NAIA 180,Champ. Round 2,Jannell Avila,Baker,decision,America Lopez,William Penn,Dec 4-0,Champ. Round 2 - Jannell Avila (Baker) won by decision over America Lopez (William Penn) Dec 4-0
NAIA Women's National Championships 2025,923487132,NAIA 180,Champ. Round 2,India Page,Lindsey Wilson,fall,Marissa Patterson,Hastings,Fall 1:03,Champ. Round 2 - India Page (Lindsey Wilson) won by fall over Marissa Patterson (Hastings) Fall 1:03
NAIA Women's National Championships 2025,923487132,NAIA 180,Champ. Round 1,Saiheron Preciado-Meza,Cumberlands,fall,Emma Schreiber,Missouri Baptist,Fall 2:42,Champ. Round 1 - Saiheron Preciado-Meza (Cumberlands) won by fall over Emma Schreiber (Missouri Baptist) Fall 2:42
NAIA Women's National Championships 2025,923487132,NAIA 180,Champ. Round 1,Bailey Dennis,Southern Oregon,decision,Ella Murphey,Oklahoma City,Dec 10-3,Champ. Round 1 - Bailey Dennis (Southern Oregon) won by decision over Ella Murphey (Oklahoma City) Dec 10-3
NAIA Women's National Championships 2025,923487132,NAIA 180,Champ. Round 1,Yazmin Belk,Doane,fall,Kaylee Davis,Ottawa,Fall 2:59,Champ. Round 1 - Yazmin Belk (Doane) won by fall over Kaylee Davis (Ottawa) Fall 2:59
NAIA Women's National Championships 2025,923487132,NAIA 180,Champ. Round 1,America Lopez,William Penn,fall,Catherine Mcnulty,Indiana Tech,Fall 3:00,Champ. Round 1 - America Lopez (William Penn) won by fall over Catherine Mcnulty (Indiana Tech) Fall 3:00
NAIA Women's National Championships 2025,923487132,NAIA 180,Champ. Round 1,India Page,Lindsey Wilson,decision,Kyree Rubio,Westcliff,Dec 7-3,Champ. Round 1 - India Page (Lindsey Wilson) won by decision over Kyree Rubio (Westcliff) Dec 7-3
NAIA Women's National Championships 2025,923487132,NAIA 207,1st Place Match,Savannah Isaac,Life,decision,Riley Dempewolf,Indiana Tech,Dec 4-1,1st Place Match - Savannah Isaac (Life) won by decision over Riley Dempewolf (Indiana Tech) Dec 4-1
NAIA Women's National Championships 2025,923487132,NAIA 207,3rd Place Match,Olivia Brown,Grand View,decision,Hannah Jackson,Ottawa,Dec 6-0,3rd Place Match - Olivia Brown (Grand View) won by decision over Hannah Jackson (Ottawa) Dec 6-0
NAIA Women's National Championships 2025,923487132,NAIA 207,5th Place Match,Maquoia Bernabe,Cumberlands,decision,Kathryn Hingano,Southern Oregon,Dec 3-1,5th Place Match - Maquoia Bernabe (Cumberlands) won by decision over Kathryn Hingano (Southern Oregon) Dec 3-1
NAIA Women's National Championships 2025,923487132,NAIA 207,7th Place Match,Mariyah Brumley,William Woods,fall,Alysse Phillips,Lourdes,Fall 0:47,7th Place Match - Mariyah Brumley (William Woods) won by fall over Alysse Phillips (Lourdes) Fall 0:47
NAIA Women's National Championships 2025,923487132,NAIA 207,Cons. Semi,Hannah Jackson,Ottawa,fall,Kathryn Hingano,Southern Oregon,Fall 3:51,Cons. Semi - Hannah Jackson (Ottawa) won by fall over Kathryn Hingano (Southern Oregon) Fall 3:51
NAIA Women's National Championships 2025,923487132,NAIA 207,Cons. Semi,Olivia Brown,Grand View,decision,Maquoia Bernabe,Cumberlands,Dec 7-0,Cons. Semi - Olivia Brown (Grand View) won by decision over Maquoia Bernabe (Cumberlands) Dec 7-0
NAIA Women's National Championships 2025,923487132,NAIA 207,Cons. Round 5,Hannah Jackson,Ottawa,decision,Mariyah Brumley,William Woods,Dec 8-0,Cons. Round 5 - Hannah Jackson (Ottawa) won by decision over Mariyah Brumley (William Woods) Dec 8-0
NAIA Women's National Championships 2025,923487132,NAIA 207,Cons. Round 5,Maquoia Bernabe,Cumberlands,decision,Alysse Phillips,Lourdes,Dec 3-0,Cons. Round 5 - Maquoia Bernabe (Cumberlands) won by decision over Alysse Phillips (Lourdes) Dec 3-0
NAIA Women's National Championships 2025,923487132,NAIA 207,Semifinal,Riley Dempewolf,Indiana Tech,decision,Olivia Brown,Grand View,Dec 2-1,Semifinal - Riley Dempewolf (Indiana Tech) won by decision over Olivia Brown (Grand View) Dec 2-1
NAIA Women's National Championships 2025,923487132,NAIA 207,Semifinal,Savannah Isaac,Life,decision,Kathryn Hingano,Southern Oregon,Dec 7-0,Semifinal - Savannah Isaac (Life) won by decision over Kathryn Hingano (Southern Oregon) Dec 7-0
NAIA Women's National Championships 2025,923487132,NAIA 207,Cons. Round 4,Hannah Jackson,Ottawa,fall,Brianna Staebler,Campbellsville,Fall 1:05,Cons. Round 4 - Hannah Jackson (Ottawa) won by fall over Brianna Staebler (Campbellsville) Fall 1:05
NAIA Women's National Championships 2025,923487132,NAIA 207,Cons. Round 4,Mariyah Brumley,William Woods,fall,Hayeni Costa,Lindsey Wilson,Fall 2:13,Cons. Round 4 - Mariyah Brumley (William Woods) won by fall over Hayeni Costa (Lindsey Wilson) Fall 2:13
NAIA Women's National Championships 2025,923487132,NAIA 207,Cons. Round 4,Maquoia Bernabe,Cumberlands,fall,Bella Porcelli,Grand View,Fall 3:00,Cons. Round 4 - Maquoia Bernabe (Cumberlands) won by fall over Bella Porcelli (Grand View) Fall 3:00
NAIA Women's National Championships 2025,923487132,NAIA 207,Cons. Round 4,Alysse Phillips,Lourdes,fall,Leilani Sanchez,Wayland Baptist,Fall 5:44,Cons. Round 4 - Alysse Phillips (Lourdes) won by fall over Leilani Sanchez (Wayland Baptist) Fall 5:44
NAIA Women's National Championships 2025,923487132,NAIA 207,Cons. Round 3,Brianna Staebler,Campbellsville,fall,Grace Todhunter,Jamestown,Fall 0:35,Cons. Round 3 - Brianna Staebler (Campbellsville) won by fall over Grace Todhunter (Jamestown) Fall 0:35
NAIA Women's National Championships 2025,923487132,NAIA 207,Cons. Round 3,Mariyah Brumley,William Woods,fall,Hailey Romero,Doane,Fall 0:55,Cons. Round 3 - Mariyah Brumley (William Woods) won by fall over Hailey Romero (Doane) Fall 0:55
NAIA Women's National Championships 2025,923487132,NAIA 207,Cons. Round 3,Maquoia Bernabe,Cumberlands,decision,Kena Leonard,Ottawa,Dec 2-1,Cons. Round 3 - Maquoia Bernabe (Cumberlands) won by decision over Kena Leonard (Ottawa) Dec 2-1
NAIA Women's National Championships 2025,923487132,NAIA 207,Cons. Round 3,Leilani Sanchez,Wayland Baptist,fall,Naomi Duenas,Cumberlands,Fall 4:39,Cons. Round 3 - Leilani Sanchez (Wayland Baptist) won by fall over Naomi Duenas (Cumberlands) Fall 4:39
NAIA Women's National Championships 2025,923487132,NAIA 207,Quarterfinal,Olivia Brown,Grand View,fall,Hayeni Costa,Lindsey Wilson,Fall 1:24,Quarterfinal - Olivia Brown (Grand View) won by fall over Hayeni Costa (Lindsey Wilson) Fall 1:24
NAIA Women's National Championships 2025,923487132,NAIA 207,Quarterfinal,Riley Dempewolf,Indiana Tech,decision,Hannah Jackson,Ottawa,Dec 2-1,Quarterfinal - Riley Dempewolf (Indiana Tech) won by decision over Hannah Jackson (Ottawa) Dec 2-1
NAIA Women's National Championships 2025,923487132,NAIA 207,Quarterfinal,Savannah Isaac,Life,fall,Alysse Phillips,Lourdes,Fall 3:55,Quarterfinal - Savannah Isaac (Life) won by fall over Alysse Phillips (Lourdes) Fall 3:55
NAIA Women's National Championships 2025,923487132,NAIA 207,Quarterfinal,Kathryn Hingano,Southern Oregon,fall,Bella Porcelli,Grand View,Fall 4:11,Quarterfinal - Kathryn Hingano (Southern Oregon) won by fall over Bella Porcelli (Grand View) Fall 4:11
NAIA Women's National Championships 2025,923487132,NAIA 207,Cons. Round 2,Brianna Staebler,Campbellsville,fall,Abigail Fonseca,Texas Wesleyan,Fall 1:49,Cons. Round 2 - Brianna Staebler (Campbellsville) won by fall over Abigail Fonseca (Texas Wesleyan) Fall 1:49
NAIA Women's National Championships 2025,923487132,NAIA 207,Cons. Round 2,Kena Leonard,Ottawa,decision,Taylor Rickley,Hastings,Dec 4-2,Cons. Round 2 - Kena Leonard (Ottawa) won by decision over Taylor Rickley (Hastings) Dec 4-2
NAIA Women's National Championships 2025,923487132,NAIA 207,Cons. Round 2,Naomi Duenas,Cumberlands,tech fall,Skyler Bruno,Waldorf,TF 14-2,Cons. Round 2 - Naomi Duenas (Cumberlands) won by tech fall over Skyler Bruno (Waldorf) TF 14-2
NAIA Women's National Championships 2025,923487132,NAIA 207,Champ. Round 2,Olivia Brown,Grand View,fall,Leilani Sanchez,Wayland Baptist,Fall 1:46,Champ. Round 2 - Olivia Brown (Grand View) won by fall over Leilani Sanchez (Wayland Baptist) Fall 1:46
NAIA Women's National Championships 2025,923487132,NAIA 207,Champ. Round 2,Hayeni Costa,Lindsey Wilson,decision,Skyler Bruno,Waldorf,Dec 8-0,Champ. Round 2 - Hayeni Costa (Lindsey Wilson) won by decision over Skyler Bruno (Waldorf) Dec 8-0
NAIA Women's National Championships 2025,923487132,NAIA 207,Champ. Round 2,Hannah Jackson,Ottawa,tech fall,Taylor Rickley,Hastings,TF 10-0,Champ. Round 2 - Hannah Jackson (Ottawa) won by tech fall over Taylor Rickley (Hastings) TF 10-0
NAIA Women's National Championships 2025,923487132,NAIA 207,Champ. Round 2,Riley Dempewolf,Indiana Tech,decision,Maquoia Bernabe,Cumberlands,Dec 2-1,Champ. Round 2 - Riley Dempewolf (Indiana Tech) won by decision over Maquoia Bernabe (Cumberlands) Dec 2-1
NAIA Women's National Championships 2025,923487132,NAIA 207,Champ. Round 2,Savannah Isaac,Life,fall,Mariyah Brumley,William Woods,Fall 0:52,Champ. Round 2 - Savannah Isaac (Life) won by fall over Mariyah Brumley (William Woods) Fall 0:52
NAIA Women's National Championships 2025,923487132,NAIA 207,Champ. Round 2,Alysse Phillips,Lourdes,fall,Hailey Romero,Doane,Fall 0:52,Champ. Round 2 - Alysse Phillips (Lourdes) won by fall over Hailey Romero (Doane) Fall 0:52
NAIA Women's National Championships 2025,923487132,NAIA 207,Champ. Round 2,Bella Porcelli,Grand View,fall,Grace Todhunter,Jamestown,Fall 1:47,Champ. Round 2 - Bella Porcelli (Grand View) won by fall over Grace Todhunter (Jamestown) Fall 1:47
NAIA Women's National Championships 2025,923487132,NAIA 207,Champ. Round 2,Kathryn Hingano,Southern Oregon,tech fall,Abigail Fonseca,Texas Wesleyan,TF 10-0,Champ. Round 2 - Kathryn Hingano (Southern Oregon) won by tech fall over Abigail Fonseca (Texas Wesleyan) TF 10-0
NAIA Women's National Championships 2025,923487132,NAIA 207,Champ. Round 1,Olivia Brown,Grand View,decision,Brianna Staebler,Campbellsville,Dec 3-0,Champ. Round 1 - Olivia Brown (Grand View) won by decision over Brianna Staebler (Campbellsville) Dec 3-0
NAIA Women's National Championships 2025,923487132,NAIA 207,Champ. Round 1,Hailey Romero,Doane,fall,Kena Leonard,Ottawa,Fall 1:50,Champ. Round 1 - Hailey Romero (Doane) won by fall over Kena Leonard (Ottawa) Fall 1:50
NAIA Women's National Championships 2025,923487132,NAIA 207,Champ. Round 1,Bella Porcelli,Grand View,fall,Naomi Duenas,Cumberlands,Fall 1:47,Champ. Round 1 - Bella Porcelli (Grand View) won by fall over Naomi Duenas (Cumberlands) Fall 1:47
LWU Women's Blue Raider Open,931032132,NAIA Women`s Wrestling 103,1st Place Match,Ryleigh Sturgill,Unattached,tech fall,Sienna Caruso,Lindenwood University,TF 10-0,1st Place Match - Ryleigh Sturgill (Unattached) won by tech fall over Sienna Caruso (Lindenwood University) TF 10-0
LWU Women's Blue Raider Open,931032132,NAIA Women`s Wrestling 103,3rd Place Match,Rebekah Jean-baptiste,Emmanuel University,tech fall,Skyler Randolph,Lindsey Wilson University,TF 14-4,3rd Place Match - Rebekah Jean-baptiste (Emmanuel University) won by tech fall over Skyler Randolph (Lindsey Wilson University) TF 14-4
LWU Women's Blue Raider Open,931032132,NAIA Women`s Wrestling 103,Cons. Semi,Rebekah Jean-baptiste,Emmanuel University,tech fall,Mylee Goodwin,Unattached LWU,TF 13-2,Cons. Semi - Rebekah Jean-baptiste (Emmanuel University) won by tech fall over Mylee Goodwin (Unattached LWU ) TF 13-2
LWU Women's Blue Raider Open,931032132,NAIA Women`s Wrestling 103,Cons. Semi,Skyler Randolph,Lindsey Wilson University,decision,Alexandria Evans,University of Rio Grande,Dec 12-12,Cons. Semi - Skyler Randolph (Lindsey Wilson University) won by decision over Alexandria Evans (University of Rio Grande) Dec 12-12
LWU Women's Blue Raider Open,931032132,NAIA Women`s Wrestling 103,Semifinal,Ryleigh Sturgill,Unattached,tech fall,Rebekah Jean-baptiste,Emmanuel University,TF 10-0,Semifinal - Ryleigh Sturgill (Unattached) won by tech fall over Rebekah Jean-baptiste (Emmanuel University) TF 10-0
LWU Women's Blue Raider Open,931032132,NAIA Women`s Wrestling 103,Semifinal,Sienna Caruso,Lindenwood University,decision,Alexandria Evans,University of Rio Grande,Dec 10-7,Semifinal - Sienna Caruso (Lindenwood University) won by decision over Alexandria Evans (University of Rio Grande) Dec 10-7
LWU Women's Blue Raider Open,931032132,NAIA Women`s Wrestling 103,Cons. Round 3,Mylee Goodwin,Unattached LWU,fall,Immawnie Walden,Andrew College,Fall 4:44,Cons. Round 3 - Mylee Goodwin (Unattached LWU ) won by fall over Immawnie Walden (Andrew College) Fall 4:44
LWU Women's Blue Raider Open,931032132,NAIA Women`s Wrestling 103,Cons. Round 3,Skyler Randolph,Lindsey Wilson University,fall,Reagan Patrum,Lindsey Wilson University,Fall 2:18,Cons. Round 3 - Skyler Randolph (Lindsey Wilson University) won by fall over Reagan Patrum (Lindsey Wilson University) Fall 2:18
LWU Women's Blue Raider Open,931032132,NAIA Women`s Wrestling 103,Cons. Round 2,Mylee Goodwin,Unattached LWU,injury default,Christianelle Rebarchek,Unattached LWU,Inj. 2:37,Cons. Round 2 - Mylee Goodwin (Unattached LWU ) won by injury default over Christianelle Rebarchek (Unattached LWU ) Inj. 2:37
LWU Women's Blue Raider Open,931032132,NAIA Women`s Wrestling 103,Cons. Round 2,Immawnie Walden,Andrew College,fall,Lynnlie Rountree,Emmanuel University,Fall 1:52,Cons. Round 2 - Immawnie Walden (Andrew College) won by fall over Lynnlie Rountree (Emmanuel University) Fall 1:52
LWU Women's Blue Raider Open,931032132,NAIA Women`s Wrestling 103,Cons. Round 2,Skyler Randolph,Lindsey Wilson University,fall,Lillian Hackworth,Missouri Baptist University,Fall 0:51,Cons. Round 2 - Skyler Randolph (Lindsey Wilson University) won by fall over Lillian Hackworth (Missouri Baptist University) Fall 0:51
LWU Women's Blue Raider Open,931032132,NAIA Women`s Wrestling 103,Cons. Round 2,Reagan Patrum,Lindsey Wilson University,fall,Madison Leonard,Unattached,Fall 2:19,Cons. Round 2 - Reagan Patrum (Lindsey Wilson University) won by fall over Madison Leonard (Unattached) Fall 2:19
LWU Women's Blue Raider Open,931032132,NAIA Women`s Wrestling 103,Quarterfinal,Ryleigh Sturgill,Unattached,tech fall,Reagan Patrum,Lindsey Wilson University,TF 10-0,Quarterfinal - Ryleigh Sturgill (Unattached) won by tech fall over Reagan Patrum (Lindsey Wilson University) TF 10-0
LWU Women's Blue Raider Open,931032132,NAIA Women`s Wrestling 103,Quarterfinal,Rebekah Jean-baptiste,Emmanuel University,tech fall,Lillian Hackworth,Missouri Baptist University,TF 11-0,Quarterfinal - Rebekah Jean-baptiste (Emmanuel University) won by tech fall over Lillian Hackworth (Missouri Baptist University) TF 11-0
LWU Women's Blue Raider Open,931032132,NAIA Women`s Wrestling 103,Quarterfinal,Sienna Caruso,Lindenwood University,fall,Lynnlie Rountree,Emmanuel University,Fall 0:32,Quarterfinal - Sienna Caruso (Lindenwood University) won by fall over Lynnlie Rountree (Emmanuel University) Fall 0:32
LWU Women's Blue Raider Open,931032132,NAIA Women`s Wrestling 103,Quarterfinal,Alexandria Evans,University of Rio Grande,fall,Mylee Goodwin,Unattached LWU,Fall 3:32,Quarterfinal - Alexandria Evans (University of Rio Grande) won by fall over Mylee Goodwin (Unattached LWU ) Fall 3:32
LWU Women's Blue Raider Open,931032132,NAIA Women`s Wrestling 103,Cons. Round 1,Skyler Randolph,Lindsey Wilson University,fall,Azariah Martin,Andrew College,Fall 0:31,Cons. Round 1 - Skyler Randolph (Lindsey Wilson University) won by fall over Azariah Martin (Andrew College) Fall 0:31
LWU Women's Blue Raider Open,931032132,NAIA Women`s Wrestling 103,Champ. Round 1,Reagan Patrum,Lindsey Wilson University,decision,Christianelle Rebarchek,Unattached LWU,Dec 12-9,Champ. Round 1 - Reagan Patrum (Lindsey Wilson University) won by decision over Christianelle Rebarchek (Unattached LWU ) Dec 12-9
LWU Women's Blue Raider Open,931032132,NAIA Women`s Wrestling 103,Champ. Round 1,Rebekah Jean-baptiste,Emmanuel University,tech fall,Immawnie Walden,Andrew College,TF 12-1,Champ. Round 1 - Rebekah Jean-baptiste (Emmanuel University) won by tech fall over Immawnie Walden (Andrew College) TF 12-1
LWU Women's Blue Raider Open,931032132,NAIA Women`s Wrestling 103,Champ. Round 1,Sienna Caruso,Lindenwood University,tech fall,Skyler Randolph,Lindsey Wilson University,TF 14-2,Champ. Round 1 - Sienna Caruso (Lindenwood University) won by tech fall over Skyler Randolph (Lindsey Wilson University) TF 14-2
LWU Women's Blue Raider Open,931032132,NAIA Women`s Wrestling 103,Champ. Round 1,Lynnlie Rountree,Emmanuel University,fall,Azariah Martin,Andrew College,Fall 5:05,Champ. Round 1 - Lynnlie Rountree (Emmanuel University) won by fall over Azariah Martin (Andrew College) Fall 5:05
LWU Women's Blue Raider Open,931032132,NAIA Women`s Wrestling 103,Champ. Round 1,Alexandria Evans,University of Rio Grande,fall,Madison Leonard,Unattached,Fall 2:35,Champ. Round 1 - Alexandria Evans (University of Rio Grande) won by fall over Madison Leonard (Unattached) Fall 2:35
LWU Women's Blue Raider Open,931032132,NAIA Women`s Wrestling 110,1st Place Match,Kate Cooper,Lindenwood University,tech fall,Deyton Young,Missouri Baptist University,TF 12-2,1st Place Match - Kate Cooper (Lindenwood University) won by tech fall over Deyton Young (Missouri Baptist University) TF 12-2
LWU Women's Blue Raider Open,931032132,NAIA Women`s Wrestling 110,3rd Place Match,Rodiat Adeduntan,Unattached LWU,tech fall,Haley Zinninger,Emmanuel University,TF 10-0,3rd Place Match - Rodiat Adeduntan (Unattached LWU ) won by tech fall over Haley Zinninger (Emmanuel University) TF 10-0
LWU Women's Blue Raider Open,931032132,NAIA Women`s Wrestling 110,Cons. Semi,Rodiat Adeduntan,Unattached LWU,tech fall,Tashayla West,Brewton-Parker College,TF 10-0,Cons. Semi - Rodiat Adeduntan (Unattached LWU ) won by tech fall over Tashayla West (Brewton-Parker College) TF 10-0
LWU Women's Blue Raider Open,931032132,NAIA Women`s Wrestling 110,Cons. Semi,Haley Zinninger,Emmanuel University,fall,Adriana Sanchez,Women`s Wrestling Club of Purdue,Fall 1:46,Cons. Semi - Haley Zinninger (Emmanuel University) won by fall over Adriana Sanchez (Women`s Wrestling Club of Purdue) Fall 1:46
LWU Women's Blue Raider Open,931032132,NAIA Women`s Wrestling 110,Semifinal,Kate Cooper,Lindenwood University,decision,Rodiat Adeduntan,Unattached LWU,Dec 2-2,Semifinal - Kate Cooper (Lindenwood University) won by decision over Rodiat Adeduntan (Unattached LWU ) Dec 2-2
LWU Women's Blue Raider Open,931032132,NAIA Women`s Wrestling 110,Semifinal,Deyton Young,Missouri Baptist University,tech fall,Haley Zinninger,Emmanuel University,TF 10-0,Semifinal - Deyton Young (Missouri Baptist University) won by tech fall over Haley Zinninger (Emmanuel University) TF 10-0
LWU Women's Blue Raider Open,931032132,NAIA Women`s Wrestling 110,Cons. Round 3,Tashayla West,Brewton-Parker College,decision,Payton Agnell,Lindsey Wilson University,Dec 5-4,Cons. Round 3 - Tashayla West (Brewton-Parker College) won by decision over Payton Agnell (Lindsey Wilson University) Dec 5-4
LWU Women's Blue Raider Open,931032132,NAIA Women`s Wrestling 110,Cons. Round 3,Adriana Sanchez,Women`s Wrestling Club of Purdue,fall,Elizabeth Mayorga,Brewton-Parker College,Fall 1:05,Cons. Round 3 - Adriana Sanchez (Women`s Wrestling Club of Purdue) won by fall over Elizabeth Mayorga (Brewton-Parker College) Fall 1:05
LWU Women's Blue Raider Open,931032132,NAIA Women`s Wrestling 110,Cons. Round 2,Tashayla West,Brewton-Parker College,fall,Hera Alojado,Unattached,Fall 0:43,Cons. Round 2 - Tashayla West (Brewton-Parker College) won by fall over Hera Alojado (Unattached) Fall 0:43
LWU Women's Blue Raider Open,931032132,NAIA Women`s Wrestling 110,Cons. Round 2,Adriana Sanchez,Women`s Wrestling Club of Purdue,tech fall,Breanna Davis,Greensboro College,TF 10-0,Cons. Round 2 - Adriana Sanchez (Women`s Wrestling Club of Purdue) won by tech fall over Breanna Davis (Greensboro College) TF 10-0
LWU Women's Blue Raider Open,931032132,NAIA Women`s Wrestling 110,Cons. Round 2,Elizabeth Mayorga,Brewton-Parker College,injury default,Emily Anderson,Unattached,Inj. 0:00,Cons. Round 2 - Elizabeth Mayorga (Brewton-Parker College) won by injury default over Emily Anderson (Unattached) Inj. 0:00
LWU Women's Blue Raider Open,931032132,NAIA Women`s Wrestling 110,Quarterfinal,Kate Cooper,Lindenwood University,tech fall,Elizabeth Mayorga,Brewton-Parker College,TF 10-0,Quarterfinal - Kate Cooper (Lindenwood University) won by tech fall over Elizabeth Mayorga (Brewton-Parker College) TF 10-0
LWU Women's Blue Raider Open,931032132,NAIA Women`s Wrestling 110,Quarterfinal,Rodiat Adeduntan,Unattached LWU,decision,Adriana Sanchez,Women`s Wrestling Club of Purdue,Dec 16-9,Quarterfinal - Rodiat Adeduntan (Unattached LWU ) won by decision over Adriana Sanchez (Women`s Wrestling Club of Purdue) Dec 16-9
LWU Women's Blue Raider Open,931032132,NAIA Women`s Wrestling 110,Quarterfinal,Haley Zinninger,Emmanuel University,fall,Payton Agnell,Lindsey Wilson University,Fall 5:21,Quarterfinal - Haley Zinninger (Emmanuel University) won by fall over Payton Agnell (Lindsey Wilson University) Fall 5:21
LWU Women's Blue Raider Open,931032132,NAIA Women`s Wrestling 110,Quarterfinal,Deyton Young,Missouri Baptist University,fall,Tashayla West,Brewton-Parker College,Fall 1:16,Quarterfinal - Deyton Young (Missouri Baptist University) won by fall over Tashayla West (Brewton-Parker College) Fall 1:16
LWU Women's Blue Raider Open,931032132,NAIA Women`s Wrestling 110,Champ. Round 1,Kate Cooper,Lindenwood University,tech fall,Hera Alojado,Unattached,TF 10-0,Champ. Round 1 - Kate Cooper (Lindenwood University) won by tech fall over Hera Alojado (Unattached) TF 10-0
LWU Women's Blue Raider Open,931032132,NAIA Women`s Wrestling 110,Champ. Round 1,Haley Zinninger,Emmanuel University,fall,Breanna Davis,Greensboro College,Fall 1:09,Champ. Round 1 - Haley Zinninger (Emmanuel University) won by fall over Breanna Davis (Greensboro College) Fall 1:09
LWU Women's Blue Raider Open,931032132,NAIA Women`s Wrestling 110,Champ. Round 1,Deyton Young,Missouri Baptist University,tech fall,Emily Anderson,Unattached,TF 14-4,Champ. Round 1 - Deyton Young (Missouri Baptist University) won by tech fall over Emily Anderson (Unattached) TF 14-4
LWU Women's Blue Raider Open,931032132,NAIA Women`s Wrestling 117,1st Place Match,Mikayla Perkins,Unattached,fall,Lyric Hetzer,Unattached,Fall 2:32,1st Place Match - Mikayla Perkins (Unattached) won by fall over Lyric Hetzer (Unattached) Fall 2:32
LWU Women's Blue Raider Open,931032132,NAIA Women`s Wrestling 117,3rd Place Match,Ally Jelinek,Lindenwood University,fall,Shelby Clayton,Georgetown College,Fall 0:56,3rd Place Match - Ally Jelinek (Lindenwood University) won by fall over Shelby Clayton (Georgetown College) Fall 0:56
LWU Women's Blue Raider Open,931032132,NAIA Women`s Wrestling 117,Cons. Semi,Shelby Clayton,Georgetown College,fall,Tanjer Smith,Brewton-Parker College,Fall 2:40,Cons. Semi - Shelby Clayton (Georgetown College) won by fall over Tanjer Smith (Brewton-Parker College) Fall 2:40
LWU Women's Blue Raider Open,931032132,NAIA Women`s Wrestling 117,Cons. Semi,Ally Jelinek,Lindenwood University,decision,Katlyn Fields,Andrew College,Dec 7-4,Cons. Semi - Ally Jelinek (Lindenwood University) won by decision over Katlyn Fields (Andrew College) Dec 7-4
LWU Women's Blue Raider Open,931032132,NAIA Women`s Wrestling 117,Semifinal,Lyric Hetzer,Unattached,fall,Tanjer Smith,Brewton-Parker College,Fall 0:45,Semifinal - Lyric Hetzer (Unattached) won by fall over Tanjer Smith (Brewton-Parker College) Fall 0:45
LWU Women's Blue Raider Open,931032132,NAIA Women`s Wrestling 117,Semifinal,Mikayla Perkins,Unattached,tech fall,Ally Jelinek,Lindenwood University,TF 10-0,Semifinal - Mikayla Perkins (Unattached) won by tech fall over Ally Jelinek (Lindenwood University) TF 10-0
LWU Women's Blue Raider Open,931032132,NAIA Women`s Wrestling 117,Cons. Round 3,Shelby Clayton,Georgetown College,decision,Addison Rudolph,Campbellsville University,Dec 6-4,Cons. Round 3 - Shelby Clayton (Georgetown College) won by decision over Addison Rudolph (Campbellsville University) Dec 6-4
LWU Women's Blue Raider Open,931032132,NAIA Women`s Wrestling 117,Cons. Round 3,Katlyn Fields,Andrew College,tech fall,Emmanuela Akinlolu,Andrew College,TF 11-0,Cons. Round 3 - Katlyn Fields (Andrew College) won by tech fall over Emmanuela Akinlolu (Andrew College) TF 11-0
LWU Women's Blue Raider Open,931032132,NAIA Women`s Wrestling 117,Cons. Round 2,Addison Rudolph,Campbellsville University,forfeit,Andrea Karagiannis,Missouri Baptist University,FF,Cons. Round 2 - Addison Rudolph (Campbellsville University) won by forfeit over Andrea Karagiannis (Missouri Baptist University) FF
LWU Women's Blue Raider Open,931032132,NAIA Women`s Wrestling 117,Cons. Round 2,Shelby Clayton,Georgetown College,fall,Camara Carter,Georgetown College,Fall 5:32,Cons. Round 2 - Shelby Clayton (Georgetown College) won by fall over Camara Carter (Georgetown College) Fall 5:32
LWU Women's Blue Raider Open,931032132,NAIA Women`s Wrestling 117,Cons. Round 2,Emmanuela Akinlolu,Andrew College,fall,Elizabeth Gonzales,Unattached RCU,Fall 1:57,Cons. Round 2 - Emmanuela Akinlolu (Andrew College) won by fall over Elizabeth Gonzales (Unattached RCU) Fall 1:57
LWU Women's Blue Raider Open,931032132,NAIA Women`s Wrestling 117,Cons. Round 2,Katlyn Fields,Andrew College,tech fall,Malia Burkhardt,Campbellsville University,TF 10-0,Cons. Round 2 - Katlyn Fields (Andrew College) won by tech fall over Malia Burkhardt (Campbellsville University) TF 10-0
LWU Women's Blue Raider Open,931032132,NAIA Women`s Wrestling 117,Quarterfinal,Lyric Hetzer,Unattached,fall,Katlyn Fields,Andrew College,Fall 1:07,Quarterfinal - Lyric Hetzer (Unattached) won by fall over Katlyn Fields (Andrew College) Fall 1:07
LWU Women's Blue Raider Open,931032132,NAIA Women`s Wrestling 117,Quarterfinal,Tanjer Smith,Brewton-Parker College,fall,Elizabeth Gonzales,Unattached RCU,Fall 4:00,Quarterfinal - Tanjer Smith (Brewton-Parker College) won by fall over Elizabeth Gonzales (Unattached RCU) Fall 4:00
LWU Women's Blue Raider Open,931032132,NAIA Women`s Wrestling 117,Quarterfinal,Ally Jelinek,Lindenwood University,tech fall,Camara Carter,Georgetown College,TF 10-0,Quarterfinal - Ally Jelinek (Lindenwood University) won by tech fall over Camara Carter (Georgetown College) TF 10-0
LWU Women's Blue Raider Open,931032132,NAIA Women`s Wrestling 117,Quarterfinal,Mikayla Perkins,Unattached,injury default,Andrea Karagiannis,Missouri Baptist University,Inj. 1:27,Quarterfinal - Mikayla Perkins (Unattached) won by injury default over Andrea Karagiannis (Missouri Baptist University) Inj. 1:27
LWU Women's Blue Raider Open,931032132,NAIA Women`s Wrestling 117,Cons. Round 1,Addison Rudolph,Campbellsville University,fall,Madison Northern,Lincoln Memorial University,Fall 1:38,Cons. Round 1 - Addison Rudolph (Campbellsville University) won by fall over Madison Northern (Lincoln Memorial University) Fall 1:38
LWU Women's Blue Raider Open,931032132,NAIA Women`s Wrestling 117,Cons. Round 1,Shelby Clayton,Georgetown College,fall,Esther Bowman,Andrew College,Fall 2:18,Cons. Round 1 - Shelby Clayton (Georgetown College) won by fall over Esther Bowman (Andrew College) Fall 2:18
LWU Women's Blue Raider Open,931032132,NAIA Women`s Wrestling 117,Cons. Round 1,Emmanuela Akinlolu,Andrew College,fall,Jaelynn Mcintosh,Unattached,Fall 0:36,Cons. Round 1 - Emmanuela Akinlolu (Andrew College) won by fall over Jaelynn Mcintosh (Unattached) Fall 0:36
LWU Women's Blue Raider Open,931032132,NAIA Women`s Wrestling 117,Cons. Round 1,Malia Burkhardt,Campbellsville University,tech fall,Maka`alaokeakua Domingo,Brewton-Parker College,TF 14-4,Cons. Round 1 - Malia Burkhardt (Campbellsville University) won by tech fall over Maka`alaokeakua Domingo (Brewton-Parker College) TF 14-4
LWU Women's Blue Raider Open,931032132,NAIA Women`s Wrestling 117,Champ. Round 1,Lyric Hetzer,Unattached,tech fall,Addison Rudolph,Campbellsville University,TF 12-0,Champ. Round 1 - Lyric Hetzer (Unattached) won by tech fall over Addison Rudolph (Campbellsville University) TF 12-0
LWU Women's Blue Raider Open,931032132,NAIA Women`s Wrestling 117,Champ. Round 1,Katlyn Fields,Andrew College,tech fall,Madison Northern,Lincoln Memorial University,TF 10-0,Champ. Round 1 - Katlyn Fields (Andrew College) won by tech fall over Madison Northern (Lincoln Memorial University) TF 10-0
LWU Women's Blue Raider Open,931032132,NAIA Women`s Wrestling 117,Champ. Round 1,Tanjer Smith,Brewton-Parker College,fall,Shelby Clayton,Georgetown College,Fall 4:22,Champ. Round 1 - Tanjer Smith (Brewton-Parker College) won by fall over Shelby Clayton (Georgetown College) Fall 4:22
LWU Women's Blue Raider Open,931032132,NAIA Women`s Wrestling 117,Champ. Round 1,Elizabeth Gonzales,Unattached RCU,tech fall,Esther Bowman,Andrew College,TF 11-0,Champ. Round 1 - Elizabeth Gonzales (Unattached RCU) won by tech fall over Esther Bowman (Andrew College) TF 11-0
LWU Women's Blue Raider Open,931032132,NAIA Women`s Wrestling 117,Champ. Round 1,Camara Carter,Georgetown College,decision,Emmanuela Akinlolu,Andrew College,Dec 5-2,Champ. Round 1 - Camara Carter (Georgetown College) won by decision over Emmanuela Akinlolu (Andrew College) Dec 5-2
LWU Women's Blue Raider Open,931032132,NAIA Women`s Wrestling 117,Champ. Round 1,Ally Jelinek,Lindenwood University,fall,Jaelynn Mcintosh,Unattached,Fall 1:53,Champ. Round 1 - Ally Jelinek (Lindenwood University) won by fall over Jaelynn Mcintosh (Unattached) Fall 1:53
LWU Women's Blue Raider Open,931032132,NAIA Women`s Wrestling 117,Champ. Round 1,Mikayla Perkins,Unattached,tech fall,Malia Burkhardt,Campbellsville University,TF 10-0,Champ. Round 1 - Mikayla Perkins (Unattached) won by tech fall over Malia Burkhardt (Campbellsville University) TF 10-0
LWU Women's Blue Raider Open,931032132,NAIA Women`s Wrestling 117,Champ. Round 1,Andrea Karagiannis,Missouri Baptist University,tech fall,Maka`alaokeakua Domingo,Brewton-Parker College,TF 12-2,Champ. Round 1 - Andrea Karagiannis (Missouri Baptist University) won by tech fall over Maka`alaokeakua Domingo (Brewton-Parker College) TF 12-2
LWU Women's Blue Raider Open,931032132,NAIA Women`s Wrestling 124,1st Place Match,Kalayah Edwards,Emmanuel University,fall,Jes`onia Barefield,Georgetown College,Fall 1:54,1st Place Match - Kalayah Edwards (Emmanuel University) won by fall over Jes`onia Barefield (Georgetown College) Fall 1:54
LWU Women's Blue Raider Open,931032132,NAIA Women`s Wrestling 124,3rd Place Match,Addison Messerly,Campbellsville University,fall,Allison Meyer,Lindenwood University,Fall 0:57,3rd Place Match - Addison Messerly (Campbellsville University) won by fall over Allison Meyer (Lindenwood University) Fall 0:57
LWU Women's Blue Raider Open,931032132,NAIA Women`s Wrestling 124,Cons. Semi,Addison Messerly,Campbellsville University,decision,Sydney Bridenstine,Lindsey Wilson University,Dec 5-1,Cons. Semi - Addison Messerly (Campbellsville University) won by decision over Sydney Bridenstine (Lindsey Wilson University) Dec 5-1
LWU Women's Blue Raider Open,931032132,NAIA Women`s Wrestling 124,Cons. Semi,Allison Meyer,Lindenwood University,fall,Kalliscya Gardner,Lindsey Wilson University,Fall 3:56,Cons. Semi - Allison Meyer (Lindenwood University) won by fall over Kalliscya Gardner (Lindsey Wilson University) Fall 3:56
LWU Women's Blue Raider Open,931032132,NAIA Women`s Wrestling 124,Semifinal,Kalayah Edwards,Emmanuel University,fall,Kalliscya Gardner,Lindsey Wilson University,Fall 2:11,Semifinal - Kalayah Edwards (Emmanuel University) won by fall over Kalliscya Gardner (Lindsey Wilson University) Fall 2:11
LWU Women's Blue Raider Open,931032132,NAIA Women`s Wrestling 124,Semifinal,Jes`onia Barefield,Georgetown College,decision,Sydney Bridenstine,Lindsey Wilson University,Dec 4-2,Semifinal - Jes`onia Barefield (Georgetown College) won by decision over Sydney Bridenstine (Lindsey Wilson University) Dec 4-2
LWU Women's Blue Raider Open,931032132,NAIA Women`s Wrestling 124,Cons. Round 5,Addison Messerly,Campbellsville University,fall,Jaden Evans,Lindsey Wilson University,Fall 1:52,Cons. Round 5 - Addison Messerly (Campbellsville University) won by fall over Jaden Evans (Lindsey Wilson University) Fall 1:52
LWU Women's Blue Raider Open,931032132,NAIA Women`s Wrestling 124,Cons. Round 5,Allison Meyer,Lindenwood University,fall,Josie Davis,Campbellsville University,Fall 3:24,Cons. Round 5 - Allison Meyer (Lindenwood University) won by fall over Josie Davis (Campbellsville University) Fall 3:24
LWU Women's Blue Raider Open,931032132,NAIA Women`s Wrestling 124,Cons. Round 4,Jaden Evans,Lindsey Wilson University,fall,Lacey Gilbert,Campbellsville University,Fall 0:37,Cons. Round 4 - Jaden Evans (Lindsey Wilson University) won by fall over Lacey Gilbert (Campbellsville University) Fall 0:37
LWU Women's Blue Raider Open,931032132,NAIA Women`s Wrestling 124,Cons. Round 4,Addison Messerly,Campbellsville University,fall,Ariel Goble,Andrew College,Fall 2:24,Cons. Round 4 - Addison Messerly (Campbellsville University) won by fall over Ariel Goble (Andrew College) Fall 2:24
LWU Women's Blue Raider Open,931032132,NAIA Women`s Wrestling 124,Cons. Round 4,Josie Davis,Campbellsville University,tech fall,Tracey Kessler,Rochester Christian University,TF 10-0,Cons. Round 4 - Josie Davis (Campbellsville University) won by tech fall over Tracey Kessler (Rochester Christian University) TF 10-0
LWU Women's Blue Raider Open,931032132,NAIA Women`s Wrestling 124,Cons. Round 4,Allison Meyer,Lindenwood University,tech fall,Riley Flickinger,Lincoln Memorial University,TF 10-0,Cons. Round 4 - Allison Meyer (Lindenwood University) won by tech fall over Riley Flickinger (Lincoln Memorial University) TF 10-0
LWU Women's Blue Raider Open,931032132,NAIA Women`s Wrestling 124,Quarterfinal,Kalayah Edwards,Emmanuel University,fall,Ariel Goble,Andrew College,Fall 1:04,Quarterfinal - Kalayah Edwards (Emmanuel University) won by fall over Ariel Goble (Andrew College) Fall 1:04
LWU Women's Blue Raider Open,931032132,NAIA Women`s Wrestling 124,Quarterfinal,Kalliscya Gardner,Lindsey Wilson University,fall,Lacey Gilbert,Campbellsville University,Fall 2:49,Quarterfinal - Kalliscya Gardner (Lindsey Wilson University) won by fall over Lacey Gilbert (Campbellsville University) Fall 2:49
LWU Women's Blue Raider Open,931032132,NAIA Women`s Wrestling 124,Quarterfinal,Sydney Bridenstine,Lindsey Wilson University,fall,Allison Meyer,Lindenwood University,Fall 1:57,Quarterfinal - Sydney Bridenstine (Lindsey Wilson University) won by fall over Allison Meyer (Lindenwood University) Fall 1:57
LWU Women's Blue Raider Open,931032132,NAIA Women`s Wrestling 124,Quarterfinal,Jes`onia Barefield,Georgetown College,fall,Josie Davis,Campbellsville University,Fall 4:44,Quarterfinal - Jes`onia Barefield (Georgetown College) won by fall over Josie Davis (Campbellsville University) Fall 4:44
LWU Women's Blue Raider Open,931032132,NAIA Women`s Wrestling 124,Cons. Round 3,Jaden Evans,Lindsey Wilson University,fall,Alexis Holman,Lindsey Wilson University,Fall 0:57,Cons. Round 3 - Jaden Evans (Lindsey Wilson University) won by fall over Alexis Holman (Lindsey Wilson University) Fall 0:57
LWU Women's Blue Raider Open,931032132,NAIA Women`s Wrestling 124,Cons. Round 3,Addison Messerly,Campbellsville University,fall,Madison Wilson,Emory & Henry University,Fall 0:43,Cons. Round 3 - Addison Messerly (Campbellsville University) won by fall over Madison Wilson (Emory & Henry University) Fall 0:43
LWU Women's Blue Raider Open,931032132,NAIA Women`s Wrestling 124,Cons. Round 3,Tracey Kessler,Rochester Christian University,forfeit,Sarai O`day,Lindenwood University,FF,Cons. Round 3 - Tracey Kessler (Rochester Christian University) won by forfeit over Sarai O`day (Lindenwood University) FF
LWU Women's Blue Raider Open,931032132,NAIA Women`s Wrestling 124,Cons. Round 3,Riley Flickinger,Lincoln Memorial University,fall,Adeline Harper,Brewton-Parker College,Fall 0:42,Cons. Round 3 - Riley Flickinger (Lincoln Memorial University) won by fall over Adeline Harper (Brewton-Parker College) Fall 0:42
LWU Women's Blue Raider Open,931032132,NAIA Women`s Wrestling 124,Cons. Round 2,Alexis Holman,Lindsey Wilson University,decision,Catherine Head,Unattached,Dec 9-6,Cons. Round 2 - Alexis Holman (Lindsey Wilson University) won by decision over Catherine Head (Unattached) Dec 9-6
LWU Women's Blue Raider Open,931032132,NAIA Women`s Wrestling 124,Cons. Round 2,Addison Messerly,Campbellsville University,fall,Natalia Sanchez,Emory & Henry University,Fall 0:20,Cons. Round 2 - Addison Messerly (Campbellsville University) won by fall over Natalia Sanchez (Emory & Henry University) Fall 0:20
LWU Women's Blue Raider Open,931032132,NAIA Women`s Wrestling 124,Cons. Round 2,Tracey Kessler,Rochester Christian University,tech fall,Minnie Locklear,Greensboro College,TF 10-0,Cons. Round 2 - Tracey Kessler (Rochester Christian University) won by tech fall over Minnie Locklear (Greensboro College) TF 10-0
LWU Women's Blue Raider Open,931032132,NAIA Women`s Wrestling 124,Cons. Round 2,Riley Flickinger,Lincoln Memorial University,fall,Giannina Simonpietri,Lindsey Wilson University,Fall 1:22,Cons. Round 2 - Riley Flickinger (Lincoln Memorial University) won by fall over Giannina Simonpietri (Lindsey Wilson University) Fall 1:22
LWU Women's Blue Raider Open,931032132,NAIA Women`s Wrestling 124,Champ. Round 2,Kalayah Edwards,Emmanuel University,fall,Adeline Harper,Brewton-Parker College,Fall 0:19,Champ. Round 2 - Kalayah Edwards (Emmanuel University) won by fall over Adeline Harper (Brewton-Parker College) Fall 0:19
LWU Women's Blue Raider Open,931032132,NAIA Women`s Wrestling 124,Champ. Round 2,Ariel Goble,Andrew College,fall,Riley Flickinger,Lincoln Memorial University,Fall 2:01,Champ. Round 2 - Ariel Goble (Andrew College) won by fall over Riley Flickinger (Lincoln Memorial University) Fall 2:01
LWU Women's Blue Raider Open,931032132,NAIA Women`s Wrestling 124,Champ. Round 2,Kalliscya Gardner,Lindsey Wilson University,fall,Minnie Locklear,Greensboro College,Fall 1:44,Champ. Round 2 - Kalliscya Gardner (Lindsey Wilson University) won by fall over Minnie Locklear (Greensboro College) Fall 1:44
LWU Women's Blue Raider Open,931032132,NAIA Women`s Wrestling 124,Champ. Round 2,Lacey Gilbert,Campbellsville University,fall,Sarai O`day,Lindenwood University,Fall 2:04,Champ. Round 2 - Lacey Gilbert (Campbellsville University) won by fall over Sarai O`day (Lindenwood University) Fall 2:04
LWU Women's Blue Raider Open,931032132,NAIA Women`s Wrestling 124,Champ. Round 2,Sydney Bridenstine,Lindsey Wilson University,fall,Addison Messerly,Campbellsville University,Fall 2:06,Champ. Round 2 - Sydney Bridenstine (Lindsey Wilson University) won by fall over Addison Messerly (Campbellsville University) Fall 2:06
LWU Women's Blue Raider Open,931032132,NAIA Women`s Wrestling 124,Champ. Round 2,Allison Meyer,Lindenwood University,fall,Madison Wilson,Emory & Henry University,Fall 1:29,Champ. Round 2 - Allison Meyer (Lindenwood University) won by fall over Madison Wilson (Emory & Henry University) Fall 1:29
LWU Women's Blue Raider Open,931032132,NAIA Women`s Wrestling 124,Champ. Round 2,Josie Davis,Campbellsville University,fall,Catherine Head,Unattached,Fall 1:09,Champ. Round 2 - Josie Davis (Campbellsville University) won by fall over Catherine Head (Unattached) Fall 1:09
LWU Women's Blue Raider Open,931032132,NAIA Women`s Wrestling 124,Champ. Round 2,Jes`onia Barefield,Georgetown College,fall,Jaden Evans,Lindsey Wilson University,Fall 3:57,Champ. Round 2 - Jes`onia Barefield (Georgetown College) won by fall over Jaden Evans (Lindsey Wilson University) Fall 3:57
LWU Women's Blue Raider Open,931032132,NAIA Women`s Wrestling 124,Champ. Round 1,Riley Flickinger,Lincoln Memorial University,tech fall,Alexis Holman,Lindsey Wilson University,TF 10-0,Champ. Round 1 - Riley Flickinger (Lincoln Memorial University) won by tech fall over Alexis Holman (Lindsey Wilson University) TF 10-0
LWU Women's Blue Raider Open,931032132,NAIA Women`s Wrestling 124,Champ. Round 1,Sarai O`day,Lindenwood University,fall,Natalia Sanchez,Emory & Henry University,Fall 2:31,Champ. Round 1 - Sarai O`day (Lindenwood University) won by fall over Natalia Sanchez (Emory & Henry University) Fall 2:31
LWU Women's Blue Raider Open,931032132,NAIA Women`s Wrestling 124,Champ. Round 1,Allison Meyer,Lindenwood University,decision,Tracey Kessler,Rochester Christian University,Dec 10-4,Champ. Round 1 - Allison Meyer (Lindenwood University) won by decision over Tracey Kessler (Rochester Christian University) Dec 10-4
LWU Women's Blue Raider Open,931032132,NAIA Women`s Wrestling 124,Champ. Round 1,Josie Davis,Campbellsville University,fall,Giannina Simonpietri,Lindsey Wilson University,Fall 1:36,Champ. Round 1 - Josie Davis (Campbellsville University) won by fall over Giannina Simonpietri (Lindsey Wilson University) Fall 1:36
LWU Women's Blue Raider Open,931032132,NAIA Women`s Wrestling 131,1st Place Match,Olivia Messerly,Campbellsville University,tech fall,Evelyn Holmes-smith,Unattached,TF 16-6,1st Place Match - Olivia Messerly (Campbellsville University) won by tech fall over Evelyn Holmes-smith (Unattached) TF 16-6
LWU Women's Blue Raider Open,931032132,NAIA Women`s Wrestling 131,3rd Place Match,Trinity Davis,Unattached,decision,Talia Lee,Lindenwood University,Dec 10-5,3rd Place Match - Trinity Davis (Unattached) won by decision over Talia Lee (Lindenwood University) Dec 10-5
LWU Women's Blue Raider Open,931032132,NAIA Women`s Wrestling 131,Cons. Semi,Talia Lee,Lindenwood University,fall,Cameron Ortiz,Campbellsville University,Fall 2:38,Cons. Semi - Talia Lee (Lindenwood University) won by fall over Cameron Ortiz (Campbellsville University) Fall 2:38
LWU Women's Blue Raider Open,931032132,NAIA Women`s Wrestling 131,Cons. Semi,Trinity Davis,Unattached,tech fall,Cheyenne Cornelius,Andrew College,TF 10-0,Cons. Semi - Trinity Davis (Unattached) won by tech fall over Cheyenne Cornelius (Andrew College) TF 10-0
LWU Women's Blue Raider Open,931032132,NAIA Women`s Wrestling 131,Semifinal,Olivia Messerly,Campbellsville University,tech fall,Trinity Davis,Unattached,TF 15-4,Semifinal - Olivia Messerly (Campbellsville University) won by tech fall over Trinity Davis (Unattached) TF 15-4
LWU Women's Blue Raider Open,931032132,NAIA Women`s Wrestling 131,Semifinal,Evelyn Holmes-smith,Unattached,fall,Cameron Ortiz,Campbellsville University,Fall 3:47,Semifinal - Evelyn Holmes-smith (Unattached) won by fall over Cameron Ortiz (Campbellsville University) Fall 3:47
LWU Women's Blue Raider Open,931032132,NAIA Women`s Wrestling 131,Cons. Round 5,Talia Lee,Lindenwood University,tech fall,Alyssa Roberts,Lincoln Memorial University,TF 11-0,Cons. Round 5 - Talia Lee (Lindenwood University) won by tech fall over Alyssa Roberts (Lincoln Memorial University) TF 11-0
LWU Women's Blue Raider Open,931032132,NAIA Women`s Wrestling 131,Cons. Round 5,Cheyenne Cornelius,Andrew College,tech fall,Najette Mojica soto,Unattached LWU,TF 12-2,Cons. Round 5 - Cheyenne Cornelius (Andrew College) won by tech fall over Najette Mojica soto (Unattached LWU ) TF 12-2
LWU Women's Blue Raider Open,931032132,NAIA Women`s Wrestling 131,Cons. Round 4,Talia Lee,Lindenwood University,tech fall,Nicole Arroyo,Georgetown College,TF 13-0,Cons. Round 4 - Talia Lee (Lindenwood University) won by tech fall over Nicole Arroyo (Georgetown College) TF 13-0
LWU Women's Blue Raider Open,931032132,NAIA Women`s Wrestling 131,Cons. Round 4,Alyssa Roberts,Lincoln Memorial University,fall,Makenzie Robinson,Emory & Henry University,Fall 0:40,Cons. Round 4 - Alyssa Roberts (Lincoln Memorial University) won by fall over Makenzie Robinson (Emory & Henry University) Fall 0:40
LWU Women's Blue Raider Open,931032132,NAIA Women`s Wrestling 131,Cons. Round 4,Najette Mojica soto,Unattached LWU,fall,Brailey Jackson,Unattached,Fall 5:06,Cons. Round 4 - Najette Mojica soto (Unattached LWU ) won by fall over Brailey Jackson (Unattached) Fall 5:06
LWU Women's Blue Raider Open,931032132,NAIA Women`s Wrestling 131,Cons. Round 4,Cheyenne Cornelius,Andrew College,tech fall,Anna March,Georgetown College,TF 10-0,Cons. Round 4 - Cheyenne Cornelius (Andrew College) won by tech fall over Anna March (Georgetown College) TF 10-0
LWU Women's Blue Raider Open,931032132,NAIA Women`s Wrestling 131,Quarterfinal,Olivia Messerly,Campbellsville University,fall,Alyssa Roberts,Lincoln Memorial University,Fall 2:08,Quarterfinal - Olivia Messerly (Campbellsville University) won by fall over Alyssa Roberts (Lincoln Memorial University) Fall 2:08
LWU Women's Blue Raider Open,931032132,NAIA Women`s Wrestling 131,Quarterfinal,Trinity Davis,Unattached,decision,Talia Lee,Lindenwood University,Dec 11-3,Quarterfinal - Trinity Davis (Unattached) won by decision over Talia Lee (Lindenwood University) Dec 11-3
LWU Women's Blue Raider Open,931032132,NAIA Women`s Wrestling 131,Quarterfinal,Evelyn Holmes-smith,Unattached,fall,Cheyenne Cornelius,Andrew College,Fall 1:03,Quarterfinal - Evelyn Holmes-smith (Unattached) won by fall over Cheyenne Cornelius (Andrew College) Fall 1:03
LWU Women's Blue Raider Open,931032132,NAIA Women`s Wrestling 131,Quarterfinal,Cameron Ortiz,Campbellsville University,fall,Brailey Jackson,Unattached,Fall 4:37,Quarterfinal - Cameron Ortiz (Campbellsville University) won by fall over Brailey Jackson (Unattached) Fall 4:37
LWU Women's Blue Raider Open,931032132,NAIA Women`s Wrestling 131,Cons. Round 3,Nicole Arroyo,Georgetown College,fall,Chrishama Annacius,Andrew College,Fall 1:59,Cons. Round 3 - Nicole Arroyo (Georgetown College) won by fall over Chrishama Annacius (Andrew College) Fall 1:59
LWU Women's Blue Raider Open,931032132,NAIA Women`s Wrestling 131,Cons. Round 3,Makenzie Robinson,Emory & Henry University,tech fall,Sara Crosslin,Lindsey Wilson University,TF 10-0,Cons. Round 3 - Makenzie Robinson (Emory & Henry University) won by tech fall over Sara Crosslin (Lindsey Wilson University) TF 10-0
LWU Women's Blue Raider Open,931032132,NAIA Women`s Wrestling 131,Cons. Round 3,Najette Mojica soto,Unattached LWU,fall,Isabella Hoffman,Emmanuel University,Fall 5:06,Cons. Round 3 - Najette Mojica soto (Unattached LWU ) won by fall over Isabella Hoffman (Emmanuel University) Fall 5:06
LWU Women's Blue Raider Open,931032132,NAIA Women`s Wrestling 131,Cons. Round 3,Anna March,Georgetown College,decision,Hadassah Lopez,Andrew College,Dec 12-4,Cons. Round 3 - Anna March (Georgetown College) won by decision over Hadassah Lopez (Andrew College) Dec 12-4
LWU Women's Blue Raider Open,931032132,NAIA Women`s Wrestling 131,Cons. Round 2,Makenzie Robinson,Emory & Henry University,tech fall,Tana Loving,Emory & Henry University,TF 10-0,Cons. Round 2 - Makenzie Robinson (Emory & Henry University) won by tech fall over Tana Loving (Emory & Henry University) TF 10-0
LWU Women's Blue Raider Open,931032132,NAIA Women`s Wrestling 131,Cons. Round 2,Najette Mojica soto,Unattached LWU,fall,Samantha Banks,Campbellsville University,Fall 0:32,Cons. Round 2 - Najette Mojica soto (Unattached LWU ) won by fall over Samantha Banks (Campbellsville University) Fall 0:32
LWU Women's Blue Raider Open,931032132,NAIA Women`s Wrestling 131,Champ. Round 2,Olivia Messerly,Campbellsville University,fall,Hadassah Lopez,Andrew College,Fall 0:27,Champ. Round 2 - Olivia Messerly (Campbellsville University) won by fall over Hadassah Lopez (Andrew College) Fall 0:27
LWU Women's Blue Raider Open,931032132,NAIA Women`s Wrestling 131,Champ. Round 2,Alyssa Roberts,Lincoln Memorial University,fall,Anna March,Georgetown College,Fall 1:36,Champ. Round 2 - Alyssa Roberts (Lincoln Memorial University) won by fall over Anna March (Georgetown College) Fall 1:36
LWU Women's Blue Raider Open,931032132,NAIA Women`s Wrestling 131,Champ. Round 2,Talia Lee,Lindenwood University,tech fall,Najette Mojica soto,Unattached LWU,TF 10-0,Champ. Round 2 - Talia Lee (Lindenwood University) won by tech fall over Najette Mojica soto (Unattached LWU ) TF 10-0
LWU Women's Blue Raider Open,931032132,NAIA Women`s Wrestling 131,Champ. Round 2,Trinity Davis,Unattached,decision,Isabella Hoffman,Emmanuel University,Dec 5-1,Champ. Round 2 - Trinity Davis (Unattached) won by decision over Isabella Hoffman (Emmanuel University) Dec 5-1
LWU Women's Blue Raider Open,931032132,NAIA Women`s Wrestling 131,Champ. Round 2,Evelyn Holmes-smith,Unattached,tech fall,Tana Loving,Emory & Henry University,TF 11-0,Champ. Round 2 - Evelyn Holmes-smith (Unattached) won by tech fall over Tana Loving (Emory & Henry University) TF 11-0
LWU Women's Blue Raider Open,931032132,NAIA Women`s Wrestling 131,Champ. Round 2,Cheyenne Cornelius,Andrew College,fall,Sara Crosslin,Lindsey Wilson University,Fall 0:29,Champ. Round 2 - Cheyenne Cornelius (Andrew College) won by fall over Sara Crosslin (Lindsey Wilson University) Fall 0:29
LWU Women's Blue Raider Open,931032132,NAIA Women`s Wrestling 131,Champ. Round 2,Brailey Jackson,Unattached,fall,Nicole Arroyo,Georgetown College,Fall 1:45,Champ. Round 2 - Brailey Jackson (Unattached) won by fall over Nicole Arroyo (Georgetown College) Fall 1:45
LWU Women's Blue Raider Open,931032132,NAIA Women`s Wrestling 131,Champ. Round 2,Cameron Ortiz,Campbellsville University,fall,Chrishama Annacius,Andrew College,Fall 1:13,Champ. Round 2 - Cameron Ortiz (Campbellsville University) won by fall over Chrishama Annacius (Andrew College) Fall 1:13
LWU Women's Blue Raider Open,931032132,NAIA Women`s Wrestling 131,Champ. Round 1,Isabella Hoffman,Emmanuel University,fall,Makenzie Robinson,Emory & Henry University,Fall 1:58,Champ. Round 1 - Isabella Hoffman (Emmanuel University) won by fall over Makenzie Robinson (Emory & Henry University) Fall 1:58
LWU Women's Blue Raider Open,931032132,NAIA Women`s Wrestling 131,Champ. Round 1,Sara Crosslin,Lindsey Wilson University,fall,Samantha Banks,Campbellsville University,Fall 5:29,Champ. Round 1 - Sara Crosslin (Lindsey Wilson University) won by fall over Samantha Banks (Campbellsville University) Fall 5:29
LWU Women's Blue Raider Open,931032132,NAIA Women`s Wrestling 138,1st Place Match,Jacinda Espinosa,Lindenwood University,fall,Gianna Dibenedetto,Emmanuel University,Fall 2:41,1st Place Match - Jacinda Espinosa (Lindenwood University) won by fall over Gianna Dibenedetto (Emmanuel University) Fall 2:41
LWU Women's Blue Raider Open,931032132,NAIA Women`s Wrestling 138,3rd Place Match,Aenaya Vines,Lindsey Wilson University,fall,Kyra Tomlinson,Greensboro College,Fall 0:32,3rd Place Match - Aenaya Vines (Lindsey Wilson University) won by fall over Kyra Tomlinson (Greensboro College) Fall 0:32
LWU Women's Blue Raider Open,931032132,NAIA Women`s Wrestling 138,Cons. Semi,Aenaya Vines,Lindsey Wilson University,forfeit,Aalijah Pineda,Emmanuel University,FF,Cons. Semi - Aenaya Vines (Lindsey Wilson University) won by forfeit over Aalijah Pineda (Emmanuel University) FF
LWU Women's Blue Raider Open,931032132,NAIA Women`s Wrestling 138,Cons. Semi,Kyra Tomlinson,Greensboro College,tech fall,Lexi Ritchie,Lindsey Wilson University,TF 10-0,Cons. Semi - Kyra Tomlinson (Greensboro College) won by tech fall over Lexi Ritchie (Lindsey Wilson University) TF 10-0
LWU Women's Blue Raider Open,931032132,NAIA Women`s Wrestling 138,Semifinal,Jacinda Espinosa,Lindenwood University,fall,Aalijah Pineda,Emmanuel University,Fall 3:47,Semifinal - Jacinda Espinosa (Lindenwood University) won by fall over Aalijah Pineda (Emmanuel University) Fall 3:47
LWU Women's Blue Raider Open,931032132,NAIA Women`s Wrestling 138,Semifinal,Gianna Dibenedetto,Emmanuel University,decision,Lexi Ritchie,Lindsey Wilson University,Dec 8-4,Semifinal - Gianna Dibenedetto (Emmanuel University) won by decision over Lexi Ritchie (Lindsey Wilson University) Dec 8-4
LWU Women's Blue Raider Open,931032132,NAIA Women`s Wrestling 138,Cons. Round 3,Aenaya Vines,Lindsey Wilson University,tech fall,Leticia Tercero,Andrew College,TF 10-0,Cons. Round 3 - Aenaya Vines (Lindsey Wilson University) won by tech fall over Leticia Tercero (Andrew College) TF 10-0
LWU Women's Blue Raider Open,931032132,NAIA Women`s Wrestling 138,Cons. Round 3,Kyra Tomlinson,Greensboro College,tech fall,Taylor Dawson,Unattached,TF 14-4,Cons. Round 3 - Kyra Tomlinson (Greensboro College) won by tech fall over Taylor Dawson (Unattached) TF 14-4
LWU Women's Blue Raider Open,931032132,NAIA Women`s Wrestling 138,Cons. Round 2,Leticia Tercero,Andrew College,decision,Nadia Miller,Andrew College,Dec 7-4,Cons. Round 2 - Leticia Tercero (Andrew College) won by decision over Nadia Miller (Andrew College) Dec 7-4
LWU Women's Blue Raider Open,931032132,NAIA Women`s Wrestling 138,Cons. Round 2,Aenaya Vines,Lindsey Wilson University,fall,Tiana Fries,Brewton-Parker College,Fall 2:14,Cons. Round 2 - Aenaya Vines (Lindsey Wilson University) won by fall over Tiana Fries (Brewton-Parker College) Fall 2:14
LWU Women's Blue Raider Open,931032132,NAIA Women`s Wrestling 138,Cons. Round 2,Kyra Tomlinson,Greensboro College,forfeit,Annalis Ortez-pierce,University of Rio Grande,FF,Cons. Round 2 - Kyra Tomlinson (Greensboro College) won by forfeit over Annalis Ortez-pierce (University of Rio Grande) FF
LWU Women's Blue Raider Open,931032132,NAIA Women`s Wrestling 138,Cons. Round 2,Taylor Dawson,Unattached,tech fall,Rita Carey,Campbellsville University,TF 12-0,Cons. Round 2 - Taylor Dawson (Unattached) won by tech fall over Rita Carey (Campbellsville University) TF 12-0
LWU Women's Blue Raider Open,931032132,NAIA Women`s Wrestling 138,Quarterfinal,Jacinda Espinosa,Lindenwood University,fall,Rita Carey,Campbellsville University,Fall 2:04,Quarterfinal - Jacinda Espinosa (Lindenwood University) won by fall over Rita Carey (Campbellsville University) Fall 2:04
LWU Women's Blue Raider Open,931032132,NAIA Women`s Wrestling 138,Quarterfinal,Aalijah Pineda,Emmanuel University,decision,Kyra Tomlinson,Greensboro College,Dec 10-9,Quarterfinal - Aalijah Pineda (Emmanuel University) won by decision over Kyra Tomlinson (Greensboro College) Dec 10-9
LWU Women's Blue Raider Open,931032132,NAIA Women`s Wrestling 138,Quarterfinal,Lexi Ritchie,Lindsey Wilson University,fall,Tiana Fries,Brewton-Parker College,Fall 4:14,Quarterfinal - Lexi Ritchie (Lindsey Wilson University) won by fall over Tiana Fries (Brewton-Parker College) Fall 4:14
LWU Women's Blue Raider Open,931032132,NAIA Women`s Wrestling 138,Quarterfinal,Gianna Dibenedetto,Emmanuel University,tech fall,Nadia Miller,Andrew College,TF 10-0,Quarterfinal - Gianna Dibenedetto (Emmanuel University) won by tech fall over Nadia Miller (Andrew College) TF 10-0
LWU Women's Blue Raider Open,931032132,NAIA Women`s Wrestling 138,Cons. Round 1,Taylor Dawson,Unattached,fall,Calista Gibson,Lincoln Memorial University,Fall 0:24,Cons. Round 1 - Taylor Dawson (Unattached) won by fall over Calista Gibson (Lincoln Memorial University) Fall 0:24
LWU Women's Blue Raider Open,931032132,NAIA Women`s Wrestling 138,Champ. Round 1,Rita Carey,Campbellsville University,tech fall,Leticia Tercero,Andrew College,TF 10-0,Champ. Round 1 - Rita Carey (Campbellsville University) won by tech fall over Leticia Tercero (Andrew College) TF 10-0
LWU Women's Blue Raider Open,931032132,NAIA Women`s Wrestling 138,Champ. Round 1,Aalijah Pineda,Emmanuel University,fall,Aenaya Vines,Lindsey Wilson University,Fall 1:54,Champ. Round 1 - Aalijah Pineda (Emmanuel University) won by fall over Aenaya Vines (Lindsey Wilson University) Fall 1:54
LWU Women's Blue Raider Open,931032132,NAIA Women`s Wrestling 138,Champ. Round 1,Lexi Ritchie,Lindsey Wilson University,fall,Annalis Ortez-pierce,University of Rio Grande,Fall 0:58,Champ. Round 1 - Lexi Ritchie (Lindsey Wilson University) won by fall over Annalis Ortez-pierce (University of Rio Grande) Fall 0:58
LWU Women's Blue Raider Open,931032132,NAIA Women`s Wrestling 138,Champ. Round 1,Nadia Miller,Andrew College,tech fall,Calista Gibson,Lincoln Memorial University,TF 10-0,Champ. Round 1 - Nadia Miller (Andrew College) won by tech fall over Calista Gibson (Lincoln Memorial University) TF 10-0
LWU Women's Blue Raider Open,931032132,NAIA Women`s Wrestling 138,Champ. Round 1,Gianna Dibenedetto,Emmanuel University,decision,Taylor Dawson,Unattached,Dec 11-4,Champ. Round 1 - Gianna Dibenedetto (Emmanuel University) won by decision over Taylor Dawson (Unattached) Dec 11-4
LWU Women's Blue Raider Open,931032132,NAIA Women`s Wrestling 145,1st Place Match,Molly Keller,Emory & Henry University,fall,Alexandra Ford,Emmanuel University,Fall 4:03,1st Place Match - Molly Keller (Emory & Henry University) won by fall over Alexandra Ford (Emmanuel University) Fall 4:03
LWU Women's Blue Raider Open,931032132,NAIA Women`s Wrestling 145,3rd Place Match,Maggie Ortmann,Missouri Baptist University,decision,Gabriella Perez,Campbellsville University,Dec 7-2,3rd Place Match - Maggie Ortmann (Missouri Baptist University) won by decision over Gabriella Perez (Campbellsville University) Dec 7-2
LWU Women's Blue Raider Open,931032132,NAIA Women`s Wrestling 145,Cons. Semi,Maggie Ortmann,Missouri Baptist University,tech fall,Harlow Skenandore,Unattached,TF 14-4,Cons. Semi - Maggie Ortmann (Missouri Baptist University) won by tech fall over Harlow Skenandore (Unattached) TF 14-4
LWU Women's Blue Raider Open,931032132,NAIA Women`s Wrestling 145,Cons. Semi,Gabriella Perez,Campbellsville University,fall,Madeline Haynes,Lindenwood University,Fall 3:00,Cons. Semi - Gabriella Perez (Campbellsville University) won by fall over Madeline Haynes (Lindenwood University) Fall 3:00
LWU Women's Blue Raider Open,931032132,NAIA Women`s Wrestling 145,Semifinal,Molly Keller,Emory & Henry University,decision,Gabriella Perez,Campbellsville University,Dec 9-6,Semifinal - Molly Keller (Emory & Henry University) won by decision over Gabriella Perez (Campbellsville University) Dec 9-6
LWU Women's Blue Raider Open,931032132,NAIA Women`s Wrestling 145,Semifinal,Alexandra Ford,Emmanuel University,decision,Maggie Ortmann,Missouri Baptist University,Dec 7-2,Semifinal - Alexandra Ford (Emmanuel University) won by decision over Maggie Ortmann (Missouri Baptist University) Dec 7-2
LWU Women's Blue Raider Open,931032132,NAIA Women`s Wrestling 145,Cons. Round 5,Harlow Skenandore,Unattached,tech fall,Shonticia Taft,Lincoln Memorial University,TF 10-0,Cons. Round 5 - Harlow Skenandore (Unattached) won by tech fall over Shonticia Taft (Lincoln Memorial University) TF 10-0
LWU Women's Blue Raider Open,931032132,NAIA Women`s Wrestling 145,Cons. Round 5,Madeline Haynes,Lindenwood University,tech fall,Megan Melnyk,Rochester Christian University,TF 10-0,Cons. Round 5 - Madeline Haynes (Lindenwood University) won by tech fall over Megan Melnyk (Rochester Christian University) TF 10-0
LWU Women's Blue Raider Open,931032132,NAIA Women`s Wrestling 145,Cons. Round 4,Shonticia Taft,Lincoln Memorial University,tech fall,Ryan Garthoeffner,Lindenwood University,TF 11-0,Cons. Round 4 - Shonticia Taft (Lincoln Memorial University) won by tech fall over Ryan Garthoeffner (Lindenwood University) TF 11-0
LWU Women's Blue Raider Open,931032132,NAIA Women`s Wrestling 145,Cons. Round 4,Harlow Skenandore,Unattached,tech fall,Alex Maday,Unattached,TF 10-0,Cons. Round 4 - Harlow Skenandore (Unattached) won by tech fall over Alex Maday (Unattached) TF 10-0
LWU Women's Blue Raider Open,931032132,NAIA Women`s Wrestling 145,Cons. Round 4,Madeline Haynes,Lindenwood University,tech fall,Hailie Misplay,Greensboro College,TF 10-0,Cons. Round 4 - Madeline Haynes (Lindenwood University) won by tech fall over Hailie Misplay (Greensboro College) TF 10-0
LWU Women's Blue Raider Open,931032132,NAIA Women`s Wrestling 145,Cons. Round 4,Megan Melnyk,Rochester Christian University,fall,Angelina Temprano,Campbellsville University,Fall 0:34,Cons. Round 4 - Megan Melnyk (Rochester Christian University) won by fall over Angelina Temprano (Campbellsville University) Fall 0:34
LWU Women's Blue Raider Open,931032132,NAIA Women`s Wrestling 145,Quarterfinal,Gabriella Perez,Campbellsville University,decision,Alex Maday,Unattached,Dec 9-4,Quarterfinal - Gabriella Perez (Campbellsville University) won by decision over Alex Maday (Unattached) Dec 9-4
LWU Women's Blue Raider Open,931032132,NAIA Women`s Wrestling 145,Quarterfinal,Molly Keller,Emory & Henry University,tech fall,Shonticia Taft,Lincoln Memorial University,TF 12-1,Quarterfinal - Molly Keller (Emory & Henry University) won by tech fall over Shonticia Taft (Lincoln Memorial University) TF 12-1
LWU Women's Blue Raider Open,931032132,NAIA Women`s Wrestling 145,Quarterfinal,Maggie Ortmann,Missouri Baptist University,fall,Angelina Temprano,Campbellsville University,Fall 4:30,Quarterfinal - Maggie Ortmann (Missouri Baptist University) won by fall over Angelina Temprano (Campbellsville University) Fall 4:30
LWU Women's Blue Raider Open,931032132,NAIA Women`s Wrestling 145,Quarterfinal,Alexandra Ford,Emmanuel University,tech fall,Hailie Misplay,Greensboro College,TF 12-2,Quarterfinal - Alexandra Ford (Emmanuel University) won by tech fall over Hailie Misplay (Greensboro College) TF 12-2
LWU Women's Blue Raider Open,931032132,NAIA Women`s Wrestling 145,Cons. Round 3,Ryan Garthoeffner,Lindenwood University,tech fall,Aurora Hamblin,Campbellsville University,TF 11-0,Cons. Round 3 - Ryan Garthoeffner (Lindenwood University) won by tech fall over Aurora Hamblin (Campbellsville University) TF 11-0
LWU Women's Blue Raider Open,931032132,NAIA Women`s Wrestling 145,Cons. Round 3,Harlow Skenandore,Unattached,tech fall,Brilynn Gemmer,Georgetown College,TF 10-0,Cons. Round 3 - Harlow Skenandore (Unattached) won by tech fall over Brilynn Gemmer (Georgetown College) TF 10-0
LWU Women's Blue Raider Open,931032132,NAIA Women`s Wrestling 145,Cons. Round 3,Madeline Haynes,Lindenwood University,tech fall,Kamilah Nana,Lindsey Wilson University,TF 10-0,Cons. Round 3 - Madeline Haynes (Lindenwood University) won by tech fall over Kamilah Nana (Lindsey Wilson University) TF 10-0
LWU Women's Blue Raider Open,931032132,NAIA Women`s Wrestling 145,Cons. Round 3,Megan Melnyk,Rochester Christian University,fall,Genesis Chinchilla,Greensboro College,Fall 1:12,Cons. Round 3 - Megan Melnyk (Rochester Christian University) won by fall over Genesis Chinchilla (Greensboro College) Fall 1:12
LWU Women's Blue Raider Open,931032132,NAIA Women`s Wrestling 145,Cons. Round 2,Kamilah Nana,Lindsey Wilson University,tech fall,Kathrine Emerson,Women`s Wrestling Club of Purdue,TF 11-0,Cons. Round 2 - Kamilah Nana (Lindsey Wilson University) won by tech fall over Kathrine Emerson (Women`s Wrestling Club of Purdue) TF 11-0
LWU Women's Blue Raider Open,931032132,NAIA Women`s Wrestling 145,Champ. Round 2,Gabriella Perez,Campbellsville University,tech fall,Genesis Chinchilla,Greensboro College,TF 12-2,Champ. Round 2 - Gabriella Perez (Campbellsville University) won by tech fall over Genesis Chinchilla (Greensboro College) TF 12-2
LWU Women's Blue Raider Open,931032132,NAIA Women`s Wrestling 145,Champ. Round 2,Alex Maday,Unattached,tech fall,Megan Melnyk,Rochester Christian University,TF 10-0,Champ. Round 2 - Alex Maday (Unattached) won by tech fall over Megan Melnyk (Rochester Christian University) TF 10-0
LWU Women's Blue Raider Open,931032132,NAIA Women`s Wrestling 145,Champ. Round 2,Molly Keller,Emory & Henry University,fall,Madeline Haynes,Lindenwood University,Fall 4:42,Champ. Round 2 - Molly Keller (Emory & Henry University) won by fall over Madeline Haynes (Lindenwood University) Fall 4:42
LWU Women's Blue Raider Open,931032132,NAIA Women`s Wrestling 145,Champ. Round 2,Shonticia Taft,Lincoln Memorial University,tech fall,Kamilah Nana,Lindsey Wilson University,TF 11-0,Champ. Round 2 - Shonticia Taft (Lincoln Memorial University) won by tech fall over Kamilah Nana (Lindsey Wilson University) TF 11-0
LWU Women's Blue Raider Open,931032132,NAIA Women`s Wrestling 145,Champ. Round 2,Maggie Ortmann,Missouri Baptist University,fall,Harlow Skenandore,Unattached,Fall 1:03,Champ. Round 2 - Maggie Ortmann (Missouri Baptist University) won by fall over Harlow Skenandore (Unattached) Fall 1:03
LWU Women's Blue Raider Open,931032132,NAIA Women`s Wrestling 145,Champ. Round 2,Angelina Temprano,Campbellsville University,decision,Brilynn Gemmer,Georgetown College,Dec 6-0,Champ. Round 2 - Angelina Temprano (Campbellsville University) won by decision over Brilynn Gemmer (Georgetown College) Dec 6-0
LWU Women's Blue Raider Open,931032132,NAIA Women`s Wrestling 145,Champ. Round 2,Hailie Misplay,Greensboro College,tech fall,Aurora Hamblin,Campbellsville University,TF 10-0,Champ. Round 2 - Hailie Misplay (Greensboro College) won by tech fall over Aurora Hamblin (Campbellsville University) TF 10-0
LWU Women's Blue Raider Open,931032132,NAIA Women`s Wrestling 145,Champ. Round 2,Alexandra Ford,Emmanuel University,tech fall,Ryan Garthoeffner,Lindenwood University,TF 10-0,Champ. Round 2 - Alexandra Ford (Emmanuel University) won by tech fall over Ryan Garthoeffner (Lindenwood University) TF 10-0
LWU Women's Blue Raider Open,931032132,NAIA Women`s Wrestling 145,Champ. Round 1,Maggie Ortmann,Missouri Baptist University,fall,Kathrine Emerson,Women`s Wrestling Club of Purdue,Fall 0:57,Champ. Round 1 - Maggie Ortmann (Missouri Baptist University) won by fall over Kathrine Emerson (Women`s Wrestling Club of Purdue) Fall 0:57
LWU Women's Blue Raider Open,931032132,NAIA Women`s Wrestling 160,3rd Place Match,Kylee Tait,Campbellsville University,tech fall,Sofia Vergara,Unattached,TF 10-0,3rd Place Match - Kylee Tait (Campbellsville University) won by tech fall over Sofia Vergara (Unattached) TF 10-0
LWU Women's Blue Raider Open,931032132,NAIA Women`s Wrestling 160,Cons. Semi,Sofia Vergara,Unattached,fall,Cara Cheng,Missouri Baptist University,Fall 0:15,Cons. Semi - Sofia Vergara (Unattached) won by fall over Cara Cheng (Missouri Baptist University) Fall 0:15
LWU Women's Blue Raider Open,931032132,NAIA Women`s Wrestling 160,Cons. Semi,Kylee Tait,Campbellsville University,tech fall,Trinity Gottler,Midway University,TF 10-0,Cons. Semi - Kylee Tait (Campbellsville University) won by tech fall over Trinity Gottler (Midway University) TF 10-0
LWU Women's Blue Raider Open,931032132,NAIA Women`s Wrestling 160,Semifinal,Alana Duggan,Lindenwood University,decision,Kylee Tait,Campbellsville University,Dec 6-1,Semifinal - Alana Duggan (Lindenwood University) won by decision over Kylee Tait (Campbellsville University) Dec 6-1
LWU Women's Blue Raider Open,931032132,NAIA Women`s Wrestling 160,Semifinal,Rebecca Strong,Unattached,fall,Sofia Vergara,Unattached,Fall 2:13,Semifinal - Rebecca Strong (Unattached) won by fall over Sofia Vergara (Unattached) Fall 2:13
LWU Women's Blue Raider Open,931032132,NAIA Women`s Wrestling 160,Cons. Round 5,Cara Cheng,Missouri Baptist University,fall,Claire Avery,Campbellsville University,Fall 4:51,Cons. Round 5 - Cara Cheng (Missouri Baptist University) won by fall over Claire Avery (Campbellsville University) Fall 4:51
LWU Women's Blue Raider Open,931032132,NAIA Women`s Wrestling 160,Cons. Round 5,Trinity Gottler,Midway University,fall,Anaya Stringer,Brewton-Parker College,Fall 2:19,Cons. Round 5 - Trinity Gottler (Midway University) won by fall over Anaya Stringer (Brewton-Parker College) Fall 2:19
LWU Women's Blue Raider Open,931032132,NAIA Women`s Wrestling 160,Cons. Round 4,Claire Avery,Campbellsville University,fall,Ta`jai Broadnex,Unattached LWU,Fall 0:51,Cons. Round 4 - Claire Avery (Campbellsville University) won by fall over Ta`jai Broadnex (Unattached LWU ) Fall 0:51
LWU Women's Blue Raider Open,931032132,NAIA Women`s Wrestling 160,Cons. Round 4,Cara Cheng,Missouri Baptist University,fall,Talia Reed,Missouri Baptist University,Fall 5:40,Cons. Round 4 - Cara Cheng (Missouri Baptist University) won by fall over Talia Reed (Missouri Baptist University) Fall 5:40
LWU Women's Blue Raider Open,931032132,NAIA Women`s Wrestling 160,Cons. Round 4,Trinity Gottler,Midway University,decision,Alexzandriyah Kekoanui,Emmanuel University,Dec 6-2,Cons. Round 4 - Trinity Gottler (Midway University) won by decision over Alexzandriyah Kekoanui (Emmanuel University) Dec 6-2
LWU Women's Blue Raider Open,931032132,NAIA Women`s Wrestling 160,Cons. Round 4,Anaya Stringer,Brewton-Parker College,tech fall,Bralyn Maynard,Unattached,TF 16-5,Cons. Round 4 - Anaya Stringer (Brewton-Parker College) won by tech fall over Bralyn Maynard (Unattached) TF 16-5
LWU Women's Blue Raider Open,931032132,NAIA Women`s Wrestling 160,Quarterfinal,Kylee Tait,Campbellsville University,tech fall,Talia Reed,Missouri Baptist University,TF 11-0,Quarterfinal - Kylee Tait (Campbellsville University) won by tech fall over Talia Reed (Missouri Baptist University) TF 11-0
LWU Women's Blue Raider Open,931032132,NAIA Women`s Wrestling 160,Quarterfinal,Alana Duggan,Lindenwood University,fall,Claire Avery,Campbellsville University,Fall 1:17,Quarterfinal - Alana Duggan (Lindenwood University) won by fall over Claire Avery (Campbellsville University) Fall 1:17
LWU Women's Blue Raider Open,931032132,NAIA Women`s Wrestling 160,Quarterfinal,Rebecca Strong,Unattached,tech fall,Anaya Stringer,Brewton-Parker College,TF 12-2,Quarterfinal - Rebecca Strong (Unattached) won by tech fall over Anaya Stringer (Brewton-Parker College) TF 12-2
LWU Women's Blue Raider Open,931032132,NAIA Women`s Wrestling 160,Quarterfinal,Sofia Vergara,Unattached,fall,Trinity Gottler,Midway University,Fall 2:13,Quarterfinal - Sofia Vergara (Unattached) won by fall over Trinity Gottler (Midway University) Fall 2:13
LWU Women's Blue Raider Open,931032132,NAIA Women`s Wrestling 160,Cons. Round 3,Ta`jai Broadnex,Unattached LWU,fall,Aleah Swilley,Rochester Christian University,Fall 1:59,Cons. Round 3 - Ta`jai Broadnex (Unattached LWU ) won by fall over Aleah Swilley (Rochester Christian University) Fall 1:59
LWU Women's Blue Raider Open,931032132,NAIA Women`s Wrestling 160,Cons. Round 3,Cara Cheng,Missouri Baptist University,fall,Gemma Deyo,Campbellsville University,Fall 0:35,Cons. Round 3 - Cara Cheng (Missouri Baptist University) won by fall over Gemma Deyo (Campbellsville University) Fall 0:35
LWU Women's Blue Raider Open,931032132,NAIA Women`s Wrestling 160,Cons. Round 3,Alexzandriyah Kekoanui,Emmanuel University,tech fall,Jazmyne Lake,Rochester Christian University,TF 12-2,Cons. Round 3 - Alexzandriyah Kekoanui (Emmanuel University) won by tech fall over Jazmyne Lake (Rochester Christian University) TF 12-2
LWU Women's Blue Raider Open,931032132,NAIA Women`s Wrestling 160,Cons. Round 3,Bralyn Maynard,Unattached,fall,Paige Russell,University of Rio Grande,Fall 1:35,Cons. Round 3 - Bralyn Maynard (Unattached) won by fall over Paige Russell (University of Rio Grande) Fall 1:35
LWU Women's Blue Raider Open,931032132,NAIA Women`s Wrestling 160,Cons. Round 2,Ta`jai Broadnex,Unattached LWU,fall,Kaily Bussard,Midway University,Fall 4:48,Cons. Round 2 - Ta`jai Broadnex (Unattached LWU ) won by fall over Kaily Bussard (Midway University) Fall 4:48
LWU Women's Blue Raider Open,931032132,NAIA Women`s Wrestling 160,Cons. Round 2,Cara Cheng,Missouri Baptist University,tech fall,Natalie Vergara,Unattached,TF 10-0,Cons. Round 2 - Cara Cheng (Missouri Baptist University) won by tech fall over Natalie Vergara (Unattached) TF 10-0
LWU Women's Blue Raider Open,931032132,NAIA Women`s Wrestling 160,Cons. Round 2,Jazmyne Lake,Rochester Christian University,fall,Shandrea Morgan,Lincoln Memorial University,Fall 2:05,Cons. Round 2 - Jazmyne Lake (Rochester Christian University) won by fall over Shandrea Morgan (Lincoln Memorial University) Fall 2:05
LWU Women's Blue Raider Open,931032132,NAIA Women`s Wrestling 160,Cons. Round 2,Alexzandriyah Kekoanui,Emmanuel University,fall,Priscilla Dewitt,Greensboro College,Fall 1:00,Cons. Round 2 - Alexzandriyah Kekoanui (Emmanuel University) won by fall over Priscilla Dewitt (Greensboro College) Fall 1:00
LWU Women's Blue Raider Open,931032132,NAIA Women`s Wrestling 160,Cons. Round 2,Paige Russell,University of Rio Grande,fall,Aubree Avery,Campbellsville University,Fall 5:40,Cons. Round 2 - Paige Russell (University of Rio Grande) won by fall over Aubree Avery (Campbellsville University) Fall 5:40
LWU Women's Blue Raider Open,931032132,NAIA Women`s Wrestling 160,Champ. Round 2,Kylee Tait,Campbellsville University,tech fall,Bralyn Maynard,Unattached,TF 11-0,Champ. Round 2 - Kylee Tait (Campbellsville University) won by tech fall over Bralyn Maynard (Unattached) TF 11-0
LWU Women's Blue Raider Open,931032132,NAIA Women`s Wrestling 160,Champ. Round 2,Talia Reed,Missouri Baptist University,decision,Paige Russell,University of Rio Grande,Dec 4-2,Champ. Round 2 - Talia Reed (Missouri Baptist University) won by decision over Paige Russell (University of Rio Grande) Dec 4-2
LWU Women's Blue Raider Open,931032132,NAIA Women`s Wrestling 160,Champ. Round 2,Claire Avery,Campbellsville University,fall,Priscilla Dewitt,Greensboro College,Fall 1:15,Champ. Round 2 - Claire Avery (Campbellsville University) won by fall over Priscilla Dewitt (Greensboro College) Fall 1:15
LWU Women's Blue Raider Open,931032132,NAIA Women`s Wrestling 160,Champ. Round 2,Alana Duggan,Lindenwood University,tech fall,Jazmyne Lake,Rochester Christian University,TF 10-0,Champ. Round 2 - Alana Duggan (Lindenwood University) won by tech fall over Jazmyne Lake (Rochester Christian University) TF 10-0
LWU Women's Blue Raider Open,931032132,NAIA Women`s Wrestling 160,Champ. Round 2,Rebecca Strong,Unattached,tech fall,Gemma Deyo,Campbellsville University,TF 12-0,Champ. Round 2 - Rebecca Strong (Unattached) won by tech fall over Gemma Deyo (Campbellsville University) TF 12-0
LWU Women's Blue Raider Open,931032132,NAIA Women`s Wrestling 160,Champ. Round 2,Anaya Stringer,Brewton-Parker College,fall,Cara Cheng,Missouri Baptist University,Fall 2:23,Champ. Round 2 - Anaya Stringer (Brewton-Parker College) won by fall over Cara Cheng (Missouri Baptist University) Fall 2:23
LWU Women's Blue Raider Open,931032132,NAIA Women`s Wrestling 160,Champ. Round 2,Sofia Vergara,Unattached,fall,Aleah Swilley,Rochester Christian University,Fall 0:57,Champ. Round 2 - Sofia Vergara (Unattached) won by fall over Aleah Swilley (Rochester Christian University) Fall 0:57
LWU Women's Blue Raider Open,931032132,NAIA Women`s Wrestling 160,Champ. Round 2,Trinity Gottler,Midway University,decision,Ta`jai Broadnex,Unattached LWU,Dec 9-2,Champ. Round 2 - Trinity Gottler (Midway University) won by decision over Ta`jai Broadnex (Unattached LWU ) Dec 9-2
LWU Women's Blue Raider Open,931032132,NAIA Women`s Wrestling 160,Champ. Round 1,Kylee Tait,Campbellsville University,fall,Kaily Bussard,Midway University,Fall 0:31,Champ. Round 1 - Kylee Tait (Campbellsville University) won by fall over Kaily Bussard (Midway University) Fall 0:31
LWU Women's Blue Raider Open,931032132,NAIA Women`s Wrestling 160,Champ. Round 1,Claire Avery,Campbellsville University,decision,Natalie Vergara,Unattached,Dec 7-4,Champ. Round 1 - Claire Avery (Campbellsville University) won by decision over Natalie Vergara (Unattached) Dec 7-4
LWU Women's Blue Raider Open,931032132,NAIA Women`s Wrestling 160,Champ. Round 1,Rebecca Strong,Unattached,tech fall,Shandrea Morgan,Lincoln Memorial University,TF 10-0,Champ. Round 1 - Rebecca Strong (Unattached) won by tech fall over Shandrea Morgan (Lincoln Memorial University) TF 10-0
LWU Women's Blue Raider Open,931032132,NAIA Women`s Wrestling 160,Champ. Round 1,Cara Cheng,Missouri Baptist University,fall,Alexzandriyah Kekoanui,Emmanuel University,Fall 4:55,Champ. Round 1 - Cara Cheng (Missouri Baptist University) won by fall over Alexzandriyah Kekoanui (Emmanuel University) Fall 4:55
LWU Women's Blue Raider Open,931032132,NAIA Women`s Wrestling 160,Champ. Round 1,Aleah Swilley,Rochester Christian University,fall,Aubree Avery,Campbellsville University,Fall 3:26,Champ. Round 1 - Aleah Swilley (Rochester Christian University) won by fall over Aubree Avery (Campbellsville University) Fall 3:26
LWU Women's Blue Raider Open,931032132,NAIA Women`s Wrestling 180,1st Place Match,Larissa Gallo,Unattached,fall,Kenlee Fish,Missouri Baptist University,Fall 0:31,1st Place Match - Larissa Gallo (Unattached) won by fall over Kenlee Fish (Missouri Baptist University) Fall 0:31
LWU Women's Blue Raider Open,931032132,NAIA Women`s Wrestling 180,3rd Place Match,Riauna Lugo,Emmanuel University,decision,Kaylyn Lawson,Georgetown College,Dec 8-0,3rd Place Match - Riauna Lugo (Emmanuel University) won by decision over Kaylyn Lawson (Georgetown College) Dec 8-0
LWU Women's Blue Raider Open,931032132,NAIA Women`s Wrestling 180,Cons. Semi,Kaylyn Lawson,Georgetown College,tech fall,A`niyah Sullivan,Georgetown College,TF 11-0,Cons. Semi - Kaylyn Lawson (Georgetown College) won by tech fall over A`niyah Sullivan (Georgetown College) TF 11-0
LWU Women's Blue Raider Open,931032132,NAIA Women`s Wrestling 180,Semifinal,Larissa Gallo,Unattached,fall,Riauna Lugo,Emmanuel University,Fall 1:42,Semifinal - Larissa Gallo (Unattached) won by fall over Riauna Lugo (Emmanuel University) Fall 1:42
LWU Women's Blue Raider Open,931032132,NAIA Women`s Wrestling 180,Semifinal,Kenlee Fish,Missouri Baptist University,decision,A`niyah Sullivan,Georgetown College,Dec 1-1,Semifinal - Kenlee Fish (Missouri Baptist University) won by decision over A`niyah Sullivan (Georgetown College) Dec 1-1
LWU Women's Blue Raider Open,931032132,NAIA Women`s Wrestling 180,Cons. Round 1,Kaylyn Lawson,Georgetown College,fall,Alyssa Pinkston,Unattached,Fall 4:34,Cons. Round 1 - Kaylyn Lawson (Georgetown College) won by fall over Alyssa Pinkston (Unattached) Fall 4:34
LWU Women's Blue Raider Open,931032132,NAIA Women`s Wrestling 180,Quarterfinal,Larissa Gallo,Unattached,tech fall,Kaylyn Lawson,Georgetown College,TF 11-0,Quarterfinal - Larissa Gallo (Unattached) won by tech fall over Kaylyn Lawson (Georgetown College) TF 11-0
LWU Women's Blue Raider Open,931032132,NAIA Women`s Wrestling 180,Quarterfinal,Riauna Lugo,Emmanuel University,fall,Alyssa Pinkston,Unattached,Fall 1:56,Quarterfinal - Riauna Lugo (Emmanuel University) won by fall over Alyssa Pinkston (Unattached) Fall 1:56
LWU Women's Blue Raider Open,931032132,NAIA Women`s Wrestling 207,1st Place Match,Gemma Templeman,Emmanuel University,decision,Taylor Schiesser,Lindsey Wilson University,Dec 2-1,1st Place Match - Gemma Templeman (Emmanuel University) won by decision over Taylor Schiesser (Lindsey Wilson University) Dec 2-1
LWU Women's Blue Raider Open,931032132,NAIA Women`s Wrestling 207,3rd Place Match,Emma Lozada,Emory & Henry University,fall,Faith Allen,Lindsey Wilson University,Fall 1:44,3rd Place Match - Emma Lozada (Emory & Henry University) won by fall over Faith Allen (Lindsey Wilson University) Fall 1:44
LWU Women's Blue Raider Open,931032132,NAIA Women`s Wrestling 207,Cons. Semi,Emma Lozada,Emory & Henry University,fall,Allison Gabarrete,Emory & Henry University,Fall 2:32,Cons. Semi - Emma Lozada (Emory & Henry University) won by fall over Allison Gabarrete (Emory & Henry University) Fall 2:32
LWU Women's Blue Raider Open,931032132,NAIA Women`s Wrestling 207,Cons. Semi,Faith Allen,Lindsey Wilson University,decision,Malia Martin,Lindenwood University,Dec 7-4,Cons. Semi - Faith Allen (Lindsey Wilson University) won by decision over Malia Martin (Lindenwood University) Dec 7-4
LWU Women's Blue Raider Open,931032132,NAIA Women`s Wrestling 207,Semifinal,Gemma Templeman,Emmanuel University,fall,Emma Lozada,Emory & Henry University,Fall 2:58,Semifinal - Gemma Templeman (Emmanuel University) won by fall over Emma Lozada (Emory & Henry University) Fall 2:58
LWU Women's Blue Raider Open,931032132,NAIA Women`s Wrestling 207,Semifinal,Taylor Schiesser,Lindsey Wilson University,fall,Malia Martin,Lindenwood University,Fall 4:36,Semifinal - Taylor Schiesser (Lindsey Wilson University) won by fall over Malia Martin (Lindenwood University) Fall 4:36
LWU Women's Blue Raider Open,931032132,NAIA Women`s Wrestling 207,Cons. Round 3,Allison Gabarrete,Emory & Henry University,fall,Ember Marriott,Unattached,Fall 0:55,Cons. Round 3 - Allison Gabarrete (Emory & Henry University) won by fall over Ember Marriott (Unattached) Fall 0:55
LWU Women's Blue Raider Open,931032132,NAIA Women`s Wrestling 207,Cons. Round 3,Faith Allen,Lindsey Wilson University,fall,Jasmin Beckham,Georgetown College,Fall 2:19,Cons. Round 3 - Faith Allen (Lindsey Wilson University) won by fall over Jasmin Beckham (Georgetown College) Fall 2:19
LWU Women's Blue Raider Open,931032132,NAIA Women`s Wrestling 207,Cons. Round 2,Ember Marriott,Unattached,fall,Ava Haan,Women`s Wrestling Club of Purdue,Fall 0:43,Cons. Round 2 - Ember Marriott (Unattached) won by fall over Ava Haan (Women`s Wrestling Club of Purdue) Fall 0:43
LWU Women's Blue Raider Open,931032132,NAIA Women`s Wrestling 207,Cons. Round 2,Faith Allen,Lindsey Wilson University,fall,Rubie Barton,Brewton-Parker College,Fall 3:00,Cons. Round 2 - Faith Allen (Lindsey Wilson University) won by fall over Rubie Barton (Brewton-Parker College) Fall 3:00
LWU Women's Blue Raider Open,931032132,NAIA Women`s Wrestling 207,Cons. Round 2,Jasmin Beckham,Georgetown College,tech fall,Lexiana Garcia,Unattached,TF 10-0,Cons. Round 2 - Jasmin Beckham (Georgetown College) won by tech fall over Lexiana Garcia (Unattached) TF 10-0
LWU Women's Blue Raider Open,931032132,NAIA Women`s Wrestling 207,Quarterfinal,Gemma Templeman,Emmanuel University,fall,Lexiana Garcia,Unattached,Fall 3:29,Quarterfinal - Gemma Templeman (Emmanuel University) won by fall over Lexiana Garcia (Unattached) Fall 3:29
LWU Women's Blue Raider Open,931032132,NAIA Women`s Wrestling 207,Quarterfinal,Emma Lozada,Emory & Henry University,fall,Faith Allen,Lindsey Wilson University,Fall 0:59,Quarterfinal - Emma Lozada (Emory & Henry University) won by fall over Faith Allen (Lindsey Wilson University) Fall 0:59
LWU Women's Blue Raider Open,931032132,NAIA Women`s Wrestling 207,Quarterfinal,Malia Martin,Lindenwood University,fall,Ember Marriott,Unattached,Fall 2:45,Quarterfinal - Malia Martin (Lindenwood University) won by fall over Ember Marriott (Unattached) Fall 2:45
LWU Women's Blue Raider Open,931032132,NAIA Women`s Wrestling 207,Quarterfinal,Taylor Schiesser,Lindsey Wilson University,fall,Allison Gabarrete,Emory & Henry University,Fall 2:34,Quarterfinal - Taylor Schiesser (Lindsey Wilson University) won by fall over Allison Gabarrete (Emory & Henry University) Fall 2:34
LWU Women's Blue Raider Open,931032132,NAIA Women`s Wrestling 207,Champ. Round 1,Emma Lozada,Emory & Henry University,tech fall,Ava Haan,Women`s Wrestling Club of Purdue,TF 10-0,Champ. Round 1 - Emma Lozada (Emory & Henry University) won by tech fall over Ava Haan (Women`s Wrestling Club of Purdue) TF 10-0
LWU Women's Blue Raider Open,931032132,NAIA Women`s Wrestling 207,Champ. Round 1,Ember Marriott,Unattached,fall,Rubie Barton,Brewton-Parker College,Fall 3:31,Champ. Round 1 - Ember Marriott (Unattached) won by fall over Rubie Barton (Brewton-Parker College) Fall 3:31
LWU Women's Blue Raider Open,931032132,NAIA Women`s Wrestling 207,Champ. Round 1,Allison Gabarrete,Emory & Henry University,fall,Jasmin Beckham,Georgetown College,Fall 1:11,Champ. Round 1 - Allison Gabarrete (Emory & Henry University) won by fall over Jasmin Beckham (Georgetown College) Fall 1:11
Women's Firestorm Open,961817132,,2nd Place Match,Sienna Montanez,Mt. San Antonio,forfeit,Forfeit Forfeit,Unattached,FF,2nd Place Match - Sienna Montanez (Mt. San Antonio) won by forfeit over Forfeit Forfeit (Unattached) FF
Women's Firestorm Open,961817132,,3rd Place Match,Sienna Montanez,Mt. San Antonio,fall,Marie Gil,palomar,Fall 0:47,3rd Place Match - Sienna Montanez (Mt. San Antonio) won by fall over Marie Gil (palomar) Fall 0:47
Women's Firestorm Open,961817132,,Cons. Semi,Sienna Montanez,Mt. San Antonio,tech fall,Makayla Lopez,Arizona Christian,TF 11-0,Cons. Semi - Sienna Montanez (Mt. San Antonio) won by tech fall over Makayla Lopez (Arizona Christian) TF 11-0
Women's Firestorm Open,961817132,,Cons. Semi,Marie Gil,palomar,tech fall,Vanessa Ramos,Arizona Christian,TF 10-0,Cons. Semi - Marie Gil (palomar) won by tech fall over Vanessa Ramos (Arizona Christian) TF 10-0
Women's Firestorm Open,961817132,,Semifinal,Erin Hikiji,University of Providence,tech fall,Vanessa Ramos,Arizona Christian,TF 10-0,Semifinal - Erin Hikiji (University of Providence) won by tech fall over Vanessa Ramos (Arizona Christian) TF 10-0
Women's Firestorm Open,961817132,,Semifinal,Isabella Bocanegra,University of Providence,decision,Makayla Lopez,Arizona Christian,Dec 3-1,Semifinal - Isabella Bocanegra (University of Providence) won by decision over Makayla Lopez (Arizona Christian) Dec 3-1
Women's Firestorm Open,961817132,,Cons. Round 1,Sienna Montanez,Mt. San Antonio,fall,Gabrielle Nebres,palomar,Fall 0:27,Cons. Round 1 - Sienna Montanez (Mt. San Antonio) won by fall over Gabrielle Nebres (palomar) Fall 0:27
Women's Firestorm Open,961817132,,Quarterfinal,Erin Hikiji,University of Providence,fall,Sienna Montanez,Mt. San Antonio,Fall 1:36,Quarterfinal - Erin Hikiji (University of Providence) won by fall over Sienna Montanez (Mt. San Antonio) Fall 1:36
Women's Firestorm Open,961817132,,Quarterfinal,Vanessa Ramos,Arizona Christian,fall,Gabrielle Nebres,palomar,Fall 0:38,Quarterfinal - Vanessa Ramos (Arizona Christian) won by fall over Gabrielle Nebres (palomar) Fall 0:38
Women's Firestorm Open,961817132,,Quarterfinal,Makayla Lopez,Arizona Christian,fall,Marie Gil,palomar,Fall 2:19,Quarterfinal - Makayla Lopez (Arizona Christian) won by fall over Marie Gil (palomar) Fall 2:19
Women's Firestorm Open,961817132,,2nd Place Match,Bella Manno,Valiant College Prep,forfeit,Forfeit Forfeit,Unattached,FF,2nd Place Match - Bella Manno (Valiant College Prep) won by forfeit over Forfeit Forfeit (Unattached) FF
Women's Firestorm Open,961817132,,3rd Place Match,Bella Manno,Valiant College Prep,tech fall,Kayla McNatt,Arizona Christian,TF 10-0,3rd Place Match - Bella Manno (Valiant College Prep) won by tech fall over Kayla McNatt (Arizona Christian) TF 10-0
Women's Firestorm Open,961817132,,Cons. Semi,Kayla McNatt,Arizona Christian,tech fall,Caylee Reyes,Mt. San Antonio,TF 10-0,Cons. Semi - Kayla McNatt (Arizona Christian) won by tech fall over Caylee Reyes (Mt. San Antonio) TF 10-0
Women's Firestorm Open,961817132,,Cons. Semi,Bella Manno,Valiant College Prep,tech fall,Madyn Overman,Valiant College Prep,TF 10-0,Cons. Semi - Bella Manno (Valiant College Prep) won by tech fall over Madyn Overman (Valiant College Prep) TF 10-0
Women's Firestorm Open,961817132,,Semifinal,Paige Morales,University of Providence,tech fall,Madyn Overman,Valiant College Prep,TF 10-0,Semifinal - Paige Morales (University of Providence) won by tech fall over Madyn Overman (Valiant College Prep) TF 10-0
Women's Firestorm Open,961817132,,Semifinal,Kayla Shota,University of Providence,tech fall,Kayla McNatt,Arizona Christian,TF 10-0,Semifinal - Kayla Shota (University of Providence) won by tech fall over Kayla McNatt (Arizona Christian) TF 10-0
Women's Firestorm Open,961817132,,Cons. Round 1,Caylee Reyes,Mt. San Antonio,fall,Arissa Morgan,palomar,Fall 0:38,Cons. Round 1 - Caylee Reyes (Mt. San Antonio) won by fall over Arissa Morgan (palomar) Fall 0:38
Women's Firestorm Open,961817132,,Cons. Round 1,Bella Manno,Valiant College Prep,decision,Megan Morales,University of Providence,Dec 6-2,Cons. Round 1 - Bella Manno (Valiant College Prep) won by decision over Megan Morales (University of Providence) Dec 6-2
Women's Firestorm Open,961817132,,Quarterfinal,Paige Morales,University of Providence,tech fall,Arissa Morgan,palomar,TF 10-0,Quarterfinal - Paige Morales (University of Providence) won by tech fall over Arissa Morgan (palomar) TF 10-0
Women's Firestorm Open,961817132,,Quarterfinal,Madyn Overman,Valiant College Prep,tech fall,Caylee Reyes,Mt. San Antonio,TF 18-7,Quarterfinal - Madyn Overman (Valiant College Prep) won by tech fall over Caylee Reyes (Mt. San Antonio) TF 18-7
Women's Firestorm Open,961817132,,Quarterfinal,Kayla McNatt,Arizona Christian,decision,Megan Morales,University of Providence,Dec 5-0,Quarterfinal - Kayla McNatt (Arizona Christian) won by decision over Megan Morales (University of Providence) Dec 5-0
Women's Firestorm Open,961817132,,Quarterfinal,Kayla Shota,University of Providence,fall,Bella Manno,Valiant College Prep,Fall 1:15,Quarterfinal - Kayla Shota (University of Providence) won by fall over Bella Manno (Valiant College Prep) Fall 1:15
Women's Firestorm Open,961817132,,1st Place Match,Jacianna Beltran,Valiant College Prep,tech fall,Nyla O`Brien,University of Providence,TF 10-0,1st Place Match - Jacianna Beltran (Valiant College Prep) won by tech fall over Nyla O`Brien (University of Providence) TF 10-0
Women's Firestorm Open,961817132,,3rd Place Match,Catalina Brown,Arizona Christian,injury default,Kayla Vail,University of Providence,Inj. 2:06,3rd Place Match - Catalina Brown (Arizona Christian) won by injury default over Kayla Vail (University of Providence) Inj. 2:06
Women's Firestorm Open,961817132,,Cons. Semi,Kayla Vail,University of Providence,fall,Maya Mitchel,Arizona State University,Fall 1:02,Cons. Semi - Kayla Vail (University of Providence) won by fall over Maya Mitchel (Arizona State University) Fall 1:02
Women's Firestorm Open,961817132,,Cons. Semi,Catalina Brown,Arizona Christian,decision,Mia Rivas,Arizona Christian,Dec 10-4,Cons. Semi - Catalina Brown (Arizona Christian) won by decision over Mia Rivas (Arizona Christian) Dec 10-4
Women's Firestorm Open,961817132,,Semifinal,Jacianna Beltran,Valiant College Prep,tech fall,Kayla Vail,University of Providence,TF 11-0,Semifinal - Jacianna Beltran (Valiant College Prep) won by tech fall over Kayla Vail (University of Providence) TF 11-0
Women's Firestorm Open,961817132,,Semifinal,Nyla O`Brien,University of Providence,fall,Mia Rivas,Arizona Christian,Fall 4:27,Semifinal - Nyla O`Brien (University of Providence) won by fall over Mia Rivas (Arizona Christian) Fall 4:27
Women's Firestorm Open,961817132,,Cons. Round 3,Maya Mitchel,Arizona State University,fall,Dominique Tsosie-Smith,University of Arizona,Fall 1:47,Cons. Round 3 - Maya Mitchel (Arizona State University) won by fall over Dominique Tsosie-Smith (University of Arizona) Fall 1:47
Women's Firestorm Open,961817132,,Cons. Round 3,Catalina Brown,Arizona Christian,fall,Charis Tolentino,palomar,Fall 2:14,Cons. Round 3 - Catalina Brown (Arizona Christian) won by fall over Charis Tolentino (palomar) Fall 2:14
Women's Firestorm Open,961817132,,Cons. Round 2,Dominique Tsosie-Smith,University of Arizona,fall,Anika Del Castillo,Mt. San Antonio,Fall 2:45,Cons. Round 2 - Dominique Tsosie-Smith (University of Arizona) won by fall over Anika Del Castillo (Mt. San Antonio) Fall 2:45
Women's Firestorm Open,961817132,,Cons. Round 2,Charis Tolentino,palomar,fall,Farah Mudher,palomar,Fall 1:02,Cons. Round 2 - Charis Tolentino (palomar) won by fall over Farah Mudher (palomar) Fall 1:02
Women's Firestorm Open,961817132,,Quarterfinal,Kayla Vail,University of Providence,fall,Charis Tolentino,palomar,Fall 1:31,Quarterfinal - Kayla Vail (University of Providence) won by fall over Charis Tolentino (palomar) Fall 1:31
Women's Firestorm Open,961817132,,Quarterfinal,Jacianna Beltran,Valiant College Prep,tech fall,Catalina Brown,Arizona Christian,TF 10-0,Quarterfinal - Jacianna Beltran (Valiant College Prep) won by tech fall over Catalina Brown (Arizona Christian) TF 10-0
Women's Firestorm Open,961817132,,Quarterfinal,Nyla O`Brien,University of Providence,fall,Anika Del Castillo,Mt. San Antonio,Fall 0:13,Quarterfinal - Nyla O`Brien (University of Providence) won by fall over Anika Del Castillo (Mt. San Antonio) Fall 0:13
Women's Firestorm Open,961817132,,Quarterfinal,Mia Rivas,Arizona Christian,tech fall,Maya Mitchel,Arizona State University,TF 10-0,Quarterfinal - Mia Rivas (Arizona Christian) won by tech fall over Maya Mitchel (Arizona State University) TF 10-0
Women's Firestorm Open,961817132,,Champ. Round 1,Catalina Brown,Arizona Christian,fall,Dominique Tsosie-Smith,University of Arizona,Fall 1:02,Champ. Round 1 - Catalina Brown (Arizona Christian) won by fall over Dominique Tsosie-Smith (University of Arizona) Fall 1:02
Women's Firestorm Open,961817132,,Champ. Round 1,Maya Mitchel,Arizona State University,tech fall,Farah Mudher,palomar,TF 15-4,Champ. Round 1 - Maya Mitchel (Arizona State University) won by tech fall over Farah Mudher (palomar) TF 15-4
Women's Firestorm Open,961817132,,1st Place Match,Reagan Mathers,Valiant College Prep,tech fall,Alyssa Randles,University of Providence,TF 10-0,1st Place Match - Reagan Mathers (Valiant College Prep) won by tech fall over Alyssa Randles (University of Providence) TF 10-0
Women's Firestorm Open,961817132,,3rd Place Match,Bella LLamas,Mt. San Antonio,fall,Xiomara Gallego,palomar,Fall 1:18,3rd Place Match - Bella LLamas (Mt. San Antonio) won by fall over Xiomara Gallego (palomar) Fall 1:18
Women's Firestorm Open,961817132,,Cons. Semi,Xiomara Gallego,palomar,tech fall,Janina Moralez,Mt. San Antonio,TF 10-0,Cons. Semi - Xiomara Gallego (palomar) won by tech fall over Janina Moralez (Mt. San Antonio) TF 10-0
Women's Firestorm Open,961817132,,Cons. Semi,Bella LLamas,Mt. San Antonio,fall,Elliza Brunner,University of Providence,Fall 1:44,Cons. Semi - Bella LLamas (Mt. San Antonio) won by fall over Elliza Brunner (University of Providence) Fall 1:44
Women's Firestorm Open,961817132,,Semifinal,Alyssa Randles,University of Providence,tech fall,Xiomara Gallego,palomar,TF 10-0,Semifinal - Alyssa Randles (University of Providence) won by tech fall over Xiomara Gallego (palomar) TF 10-0
Women's Firestorm Open,961817132,,Semifinal,Reagan Mathers,Valiant College Prep,fall,Elliza Brunner,University of Providence,Fall 2:35,Semifinal - Reagan Mathers (Valiant College Prep) won by fall over Elliza Brunner (University of Providence) Fall 2:35
Women's Firestorm Open,961817132,,Cons. Round 3,Janina Moralez,Mt. San Antonio,fall,Marisol Pena,Grand Canyon University,Fall 0:51,Cons. Round 3 - Janina Moralez (Mt. San Antonio) won by fall over Marisol Pena (Grand Canyon University) Fall 0:51
Women's Firestorm Open,961817132,,Cons. Round 3,Bella LLamas,Mt. San Antonio,fall,Gabby Diaz,Grand Canyon University,Fall 0:42,Cons. Round 3 - Bella LLamas (Mt. San Antonio) won by fall over Gabby Diaz (Grand Canyon University) Fall 0:42
Women's Firestorm Open,961817132,,Cons. Round 2,Janina Moralez,Mt. San Antonio,tech fall,Jealean Alvarez,Mt. San Antonio,TF 13-2,Cons. Round 2 - Janina Moralez (Mt. San Antonio) won by tech fall over Jealean Alvarez (Mt. San Antonio) TF 13-2
Women's Firestorm Open,961817132,,Cons. Round 2,Gabby Diaz,Grand Canyon University,fall,Tina Nguyen,Arizona State University,Fall 1:47,Cons. Round 2 - Gabby Diaz (Grand Canyon University) won by fall over Tina Nguyen (Arizona State University) Fall 1:47
Women's Firestorm Open,961817132,,Cons. Round 2,Bella LLamas,Mt. San Antonio,fall,Kayla Pablo,Hope International,Fall 1:22,Cons. Round 2 - Bella LLamas (Mt. San Antonio) won by fall over Kayla Pablo (Hope International) Fall 1:22
Women's Firestorm Open,961817132,,Quarterfinal,Alyssa Randles,University of Providence,fall,Bella LLamas,Mt. San Antonio,Fall 1:24,Quarterfinal - Alyssa Randles (University of Providence) won by fall over Bella LLamas (Mt. San Antonio) Fall 1:24
Women's Firestorm Open,961817132,,Quarterfinal,Xiomara Gallego,palomar,fall,Gabby Diaz,Grand Canyon University,Fall 1:17,Quarterfinal - Xiomara Gallego (palomar) won by fall over Gabby Diaz (Grand Canyon University) Fall 1:17
Women's Firestorm Open,961817132,,Quarterfinal,Elliza Brunner,University of Providence,fall,Jealean Alvarez,Mt. San Antonio,Fall 0:49,Quarterfinal - Elliza Brunner (University of Providence) won by fall over Jealean Alvarez (Mt. San Antonio) Fall 0:49
Women's Firestorm Open,961817132,,Quarterfinal,Reagan Mathers,Valiant College Prep,tech fall,Marisol Pena,Grand Canyon University,TF 10-0,Quarterfinal - Reagan Mathers (Valiant College Prep) won by tech fall over Marisol Pena (Grand Canyon University) TF 10-0
Women's Firestorm Open,961817132,,Champ. Round 1,Xiomara Gallego,palomar,decision,Janina Moralez,Mt. San Antonio,Dec 6-4,Champ. Round 1 - Xiomara Gallego (palomar) won by decision over Janina Moralez (Mt. San Antonio) Dec 6-4
Women's Firestorm Open,961817132,,Champ. Round 1,Elliza Brunner,University of Providence,fall,Tina Nguyen,Arizona State University,Fall 0:45,Champ. Round 1 - Elliza Brunner (University of Providence) won by fall over Tina Nguyen (Arizona State University) Fall 0:45
Women's Firestorm Open,961817132,,Champ. Round 1,Marisol Pena,Grand Canyon University,tech fall,Kayla Pablo,Hope International,TF 12-2,Champ. Round 1 - Marisol Pena (Grand Canyon University) won by tech fall over Kayla Pablo (Hope International) TF 12-2
Women's Firestorm Open,961817132,,Round 5,Arianna Dominguez,Arizona State University,injury default,Alyssa Equihua,palomar,Inj. 0:00,Round 5 - Arianna Dominguez (Arizona State University) won by injury default over Alyssa Equihua (palomar) Inj. 0:00
Women's Firestorm Open,961817132,,Round 5,Zitlali Sarmiento,Mt. San Antonio,decision,Yaretzi Lopez,Arizona Christian,Dec 12-7,Round 5 - Zitlali Sarmiento (Mt. San Antonio) won by decision over Yaretzi Lopez (Arizona Christian) Dec 12-7
Women's Firestorm Open,961817132,,Round 4,Zitlali Sarmiento,Mt. San Antonio,forfeit,Alyssa Equihua,palomar,FF,Round 4 - Zitlali Sarmiento (Mt. San Antonio) won by forfeit over Alyssa Equihua (palomar) FF
Women's Firestorm Open,961817132,,Round 4,Waipuilani Estrella-Beauchamp,University of Providence,fall,Arianna Dominguez,Arizona State University,Fall 0:24,Round 4 - Waipuilani Estrella-Beauchamp (University of Providence) won by fall over Arianna Dominguez (Arizona State University) Fall 0:24
Women's Firestorm Open,961817132,,Round 3,Yaretzi Lopez,Arizona Christian,injury default,Alyssa Equihua,palomar,Inj. 1:10,Round 3 - Yaretzi Lopez (Arizona Christian) won by injury default over Alyssa Equihua (palomar) Inj. 1:10
Women's Firestorm Open,961817132,,Round 3,Waipuilani Estrella-Beauchamp,University of Providence,fall,Zitlali Sarmiento,Mt. San Antonio,Fall 0:12,Round 3 - Waipuilani Estrella-Beauchamp (University of Providence) won by fall over Zitlali Sarmiento (Mt. San Antonio) Fall 0:12
Women's Firestorm Open,961817132,,Round 2,Waipuilani Estrella-Beauchamp,University of Providence,tech fall,Alyssa Equihua,palomar,TF 10-0,Round 2 - Waipuilani Estrella-Beauchamp (University of Providence) won by tech fall over Alyssa Equihua (palomar) TF 10-0
Women's Firestorm Open,961817132,,Round 2,Yaretzi Lopez,Arizona Christian,fall,Arianna Dominguez,Arizona State University,Fall 1:20,Round 2 - Yaretzi Lopez (Arizona Christian) won by fall over Arianna Dominguez (Arizona State University) Fall 1:20
Women's Firestorm Open,961817132,,Round 1,Zitlali Sarmiento,Mt. San Antonio,tech fall,Arianna Dominguez,Arizona State University,TF 13-2,Round 1 - Zitlali Sarmiento (Mt. San Antonio) won by tech fall over Arianna Dominguez (Arizona State University) TF 13-2
Women's Firestorm Open,961817132,,Round 1,Waipuilani Estrella-Beauchamp,University of Providence,fall,Yaretzi Lopez,Arizona Christian,Fall 0:11,Round 1 - Waipuilani Estrella-Beauchamp (University of Providence) won by fall over Yaretzi Lopez (Arizona Christian) Fall 0:11
Women's Firestorm Open,961817132,,Round 3,Esther Han,University of Providence,fall,Adelle Smith,Grand Canyon University,Fall 2:04,Round 3 - Esther Han (University of Providence) won by fall over Adelle Smith (Grand Canyon University) Fall 2:04
Women's Firestorm Open,961817132,,Round 3,Emme Velasco,Arizona State University,tech fall,Iris Lyman,University of Arizona,TF 10-0,Round 3 - Emme Velasco (Arizona State University) won by tech fall over Iris Lyman (University of Arizona) TF 10-0
Women's Firestorm Open,961817132,,Round 2,Esther Han,University of Providence,tech fall,Iris Lyman,University of Arizona,TF 10-0,Round 2 - Esther Han (University of Providence) won by tech fall over Iris Lyman (University of Arizona) TF 10-0
Women's Firestorm Open,961817132,,Round 2,Emme Velasco,Arizona State University,tech fall,Adelle Smith,Grand Canyon University,TF 10-0,Round 2 - Emme Velasco (Arizona State University) won by tech fall over Adelle Smith (Grand Canyon University) TF 10-0
Women's Firestorm Open,961817132,,Round 1,Esther Han,University of Providence,fall,Emme Velasco,Arizona State University,Fall 2:02,Round 1 - Esther Han (University of Providence) won by fall over Emme Velasco (Arizona State University) Fall 2:02
Women's Firestorm Open,961817132,,Round 1,Adelle Smith,Grand Canyon University,fall,Iris Lyman,University of Arizona,Fall 2:12,Round 1 - Adelle Smith (Grand Canyon University) won by fall over Iris Lyman (University of Arizona) Fall 2:12
Women's Firestorm Open,961817132,,2nd Place Match,Jessica Mendez,Arizona State University,fall,Audrey Villalon-Estrada,Mt. San Antonio,Fall 1:19,2nd Place Match - Jessica Mendez (Arizona State University) won by fall over Audrey Villalon-Estrada (Mt. San Antonio) Fall 1:19
Women's Firestorm Open,961817132,,1st Place Match,Elise Twait,University of Providence,decision,Jessica Mendez,Arizona State University,Dec 5-5,1st Place Match - Elise Twait (University of Providence) won by decision over Jessica Mendez (Arizona State University) Dec 5-5
Women's Firestorm Open,961817132,,3rd Place Match,Audrey Villalon-Estrada,Mt. San Antonio,decision,Yamilett Cortez,Valiant College Prep,Dec 5-0,3rd Place Match - Audrey Villalon-Estrada (Mt. San Antonio) won by decision over Yamilett Cortez (Valiant College Prep) Dec 5-0
Women's Firestorm Open,961817132,,Cons. Semi,Yamilett Cortez,Valiant College Prep,tech fall,Mackenzie English,University of Providence,TF 11-0,Cons. Semi - Yamilett Cortez (Valiant College Prep) won by tech fall over Mackenzie English (University of Providence) TF 11-0
Women's Firestorm Open,961817132,,Cons. Semi,Audrey Villalon-Estrada,Mt. San Antonio,tech fall,Emily Alvarez,Mt. San Antonio,TF 10-0,Cons. Semi - Audrey Villalon-Estrada (Mt. San Antonio) won by tech fall over Emily Alvarez (Mt. San Antonio) TF 10-0
Women's Firestorm Open,961817132,,Semifinal,Elise Twait,University of Providence,tech fall,Audrey Villalon-Estrada,Mt. San Antonio,TF 10-0,Semifinal - Elise Twait (University of Providence) won by tech fall over Audrey Villalon-Estrada (Mt. San Antonio) TF 10-0
Women's Firestorm Open,961817132,,Semifinal,Jessica Mendez,Arizona State University,tech fall,Mackenzie English,University of Providence,TF 10-0,Semifinal - Jessica Mendez (Arizona State University) won by tech fall over Mackenzie English (University of Providence) TF 10-0
Women's Firestorm Open,961817132,,Cons. Round 1,Yamilett Cortez,Valiant College Prep,decision,Danielle Williams,Mt. San Antonio,Dec 4-3,Cons. Round 1 - Yamilett Cortez (Valiant College Prep) won by decision over Danielle Williams (Mt. San Antonio) Dec 4-3
Women's Firestorm Open,961817132,,Cons. Round 1,Emily Alvarez,Mt. San Antonio,injury default,Manaia Tolilau,Mt. San Antonio,Inj. 0:00,Cons. Round 1 - Emily Alvarez (Mt. San Antonio) won by injury default over Manaia Tolilau (Mt. San Antonio) Inj. 0:00
Women's Firestorm Open,961817132,,Quarterfinal,Elise Twait,University of Providence,fall,Danielle Williams,Mt. San Antonio,Fall 0:46,Quarterfinal - Elise Twait (University of Providence) won by fall over Danielle Williams (Mt. San Antonio) Fall 0:46
Women's Firestorm Open,961817132,,Quarterfinal,Audrey Villalon-Estrada,Mt. San Antonio,decision,Yamilett Cortez,Valiant College Prep,Dec 8-4,Quarterfinal - Audrey Villalon-Estrada (Mt. San Antonio) won by decision over Yamilett Cortez (Valiant College Prep) Dec 8-4
Women's Firestorm Open,961817132,,Quarterfinal,Mackenzie English,University of Providence,fall,Manaia Tolilau,Mt. San Antonio,Fall 1:38,Quarterfinal - Mackenzie English (University of Providence) won by fall over Manaia Tolilau (Mt. San Antonio) Fall 1:38
Women's Firestorm Open,961817132,,Quarterfinal,Jessica Mendez,Arizona State University,tech fall,Emily Alvarez,Mt. San Antonio,TF 10-0,Quarterfinal - Jessica Mendez (Arizona State University) won by tech fall over Emily Alvarez (Mt. San Antonio) TF 10-0
Women's Firestorm Open,961817132,,2nd Place Match,Trinity Bouchal,Arizona State University,no contest,Aspen Dodge,University of Providence,NC,2nd Place Match - Trinity Bouchal (Arizona State University) won by no contest over Aspen Dodge (University of Providence) NC
Women's Firestorm Open,961817132,,1st Place Match,Hailey Sutton,University of Providence,tech fall,Trinity Bouchal,Arizona State University,TF 12-2,1st Place Match - Hailey Sutton (University of Providence) won by tech fall over Trinity Bouchal (Arizona State University) TF 12-2
Women's Firestorm Open,961817132,,3rd Place Match,Aspen Dodge,University of Providence,tech fall,Katy Madril,Arizona Christian,TF 10-0,3rd Place Match - Aspen Dodge (University of Providence) won by tech fall over Katy Madril (Arizona Christian) TF 10-0
Women's Firestorm Open,961817132,,Cons. Semi,Katy Madril,Arizona Christian,fall,Isabella Huey,University of Arizona,Fall 1:37,Cons. Semi - Katy Madril (Arizona Christian) won by fall over Isabella Huey (University of Arizona) Fall 1:37
Women's Firestorm Open,961817132,,Cons. Semi,Aspen Dodge,University of Providence,tech fall,Nyomi Mesa,Mt. San Antonio,TF 12-0,Cons. Semi - Aspen Dodge (University of Providence) won by tech fall over Nyomi Mesa (Mt. San Antonio) TF 12-0
Women's Firestorm Open,961817132,,Semifinal,Trinity Bouchal,Arizona State University,decision,Aspen Dodge,University of Providence,Dec 17-15,Semifinal - Trinity Bouchal (Arizona State University) won by decision over Aspen Dodge (University of Providence) Dec 17-15
Women's Firestorm Open,961817132,,Semifinal,Hailey Sutton,University of Providence,tech fall,Katy Madril,Arizona Christian,TF 10-0,Semifinal - Hailey Sutton (University of Providence) won by tech fall over Katy Madril (Arizona Christian) TF 10-0
Women's Firestorm Open,961817132,,Cons. Round 1,Isabella Huey,University of Arizona,fall,Grace Parent,palomar,Fall 2:22,Cons. Round 1 - Isabella Huey (University of Arizona) won by fall over Grace Parent (palomar) Fall 2:22
Women's Firestorm Open,961817132,,Quarterfinal,Aspen Dodge,University of Providence,tech fall,Grace Parent,palomar,TF 10-0,Quarterfinal - Aspen Dodge (University of Providence) won by tech fall over Grace Parent (palomar) TF 10-0
Women's Firestorm Open,961817132,,Quarterfinal,Trinity Bouchal,Arizona State University,fall,Isabella Huey,University of Arizona,Fall 0:59,Quarterfinal - Trinity Bouchal (Arizona State University) won by fall over Isabella Huey (University of Arizona) Fall 0:59
Women's Firestorm Open,961817132,,Quarterfinal,Katy Madril,Arizona Christian,decision,Nyomi Mesa,Mt. San Antonio,Dec 8-6,Quarterfinal - Katy Madril (Arizona Christian) won by decision over Nyomi Mesa (Mt. San Antonio) Dec 8-6
Women's Firestorm Open,961817132,,1st Place Match,Nylease Yzagere,Unattached,fall,Kassidy Sigda,University of Providence,Fall 1:38,1st Place Match - Nylease Yzagere (Unattached) won by fall over Kassidy Sigda (University of Providence) Fall 1:38
Women's Firestorm Open,961817132,,3rd Place Match,Gen Deleon,Mt. San Antonio,decision,Sammi Tuttle,Grand Canyon University,Dec 10-4,3rd Place Match - Gen Deleon (Mt. San Antonio) won by decision over Sammi Tuttle (Grand Canyon University) Dec 10-4
Women's Firestorm Open,961817132,,Cons. Semi,Gen Deleon,Mt. San Antonio,fall,Oliva Marker,Mt. San Antonio,Fall 2:12,Cons. Semi - Gen Deleon (Mt. San Antonio) won by fall over Oliva Marker (Mt. San Antonio) Fall 2:12
Women's Firestorm Open,961817132,,Cons. Semi,Sammi Tuttle,Grand Canyon University,fall,Hannah Mae Catungal,Unattached,Fall 1:32,Cons. Semi - Sammi Tuttle (Grand Canyon University) won by fall over Hannah Mae Catungal (Unattached) Fall 1:32
Women's Firestorm Open,961817132,,Semifinal,Kassidy Sigda,University of Providence,fall,Oliva Marker,Mt. San Antonio,Fall 0:32,Semifinal - Kassidy Sigda (University of Providence) won by fall over Oliva Marker (Mt. San Antonio) Fall 0:32
Women's Firestorm Open,961817132,,Semifinal,Nylease Yzagere,Unattached,fall,Sammi Tuttle,Grand Canyon University,Fall 1:20,Semifinal - Nylease Yzagere (Unattached) won by fall over Sammi Tuttle (Grand Canyon University) Fall 1:20
Women's Firestorm Open,961817132,,Cons. Round 3,Gen Deleon,Mt. San Antonio,fall,Malia Meyer,University of Providence,Fall 0:37,Cons. Round 3 - Gen Deleon (Mt. San Antonio) won by fall over Malia Meyer (University of Providence) Fall 0:37
Women's Firestorm Open,961817132,,Cons. Round 3,Hannah Mae Catungal,Unattached,fall,Jazmin Shelton,Arizona Christian,Fall 0:46,Cons. Round 3 - Hannah Mae Catungal (Unattached) won by fall over Jazmin Shelton (Arizona Christian) Fall 0:46
Women's Firestorm Open,961817132,,Cons. Round 2,Malia Meyer,University of Providence,fall,Ava Hetrick,Mt. San Antonio,Fall 1:15,Cons. Round 2 - Malia Meyer (University of Providence) won by fall over Ava Hetrick (Mt. San Antonio) Fall 1:15
Women's Firestorm Open,961817132,,Cons. Round 2,Gen Deleon,Mt. San Antonio,tech fall,Michelle Klein,palomar,TF 13-1,Cons. Round 2 - Gen Deleon (Mt. San Antonio) won by tech fall over Michelle Klein (palomar) TF 13-1
Women's Firestorm Open,961817132,,Cons. Round 2,Jazmin Shelton,Arizona Christian,forfeit,Keysimar Nieves-gaud,Grand Canyon University,FF,Cons. Round 2 - Jazmin Shelton (Arizona Christian) won by forfeit over Keysimar Nieves-gaud (Grand Canyon University) FF
Women's Firestorm Open,961817132,,Cons. Round 2,Hannah Mae Catungal,Unattached,fall,Ana Timoteo,Mt. San Antonio,Fall 1:44,Cons. Round 2 - Hannah Mae Catungal (Unattached) won by fall over Ana Timoteo (Mt. San Antonio) Fall 1:44
Women's Firestorm Open,961817132,,Quarterfinal,Kassidy Sigda,University of Providence,fall,Hannah Mae Catungal,Unattached,Fall 0:55,Quarterfinal - Kassidy Sigda (University of Providence) won by fall over Hannah Mae Catungal (Unattached) Fall 0:55
Women's Firestorm Open,961817132,,Quarterfinal,Oliva Marker,Mt. San Antonio,injury default,Keysimar Nieves-gaud,Grand Canyon University,Inj. 1:15,Quarterfinal - Oliva Marker (Mt. San Antonio) won by injury default over Keysimar Nieves-gaud (Grand Canyon University) Inj. 1:15
Women's Firestorm Open,961817132,,Quarterfinal,Nylease Yzagere,Unattached,fall,Gen Deleon,Mt. San Antonio,Fall 2:51,Quarterfinal - Nylease Yzagere (Unattached) won by fall over Gen Deleon (Mt. San Antonio) Fall 2:51
Women's Firestorm Open,961817132,,Quarterfinal,Sammi Tuttle,Grand Canyon University,fall,Malia Meyer,University of Providence,Fall 0:24,Quarterfinal - Sammi Tuttle (Grand Canyon University) won by fall over Malia Meyer (University of Providence) Fall 0:24
Women's Firestorm Open,961817132,,Cons. Round 1,Michelle Klein,palomar,fall,Alyson White Maturo,Arizona State University,Fall 0:43,Cons. Round 1 - Michelle Klein (palomar) won by fall over Alyson White Maturo (Arizona State University) Fall 0:43
Women's Firestorm Open,961817132,,Champ. Round 1,Hannah Mae Catungal,Unattached,fall,Ava Hetrick,Mt. San Antonio,Fall 1:44,Champ. Round 1 - Hannah Mae Catungal (Unattached) won by fall over Ava Hetrick (Mt. San Antonio) Fall 1:44
Women's Firestorm Open,961817132,,Champ. Round 1,Keysimar Nieves-gaud,Grand Canyon University,fall,Alyson White Maturo,Arizona State University,Fall 3:25,Champ. Round 1 - Keysimar Nieves-gaud (Grand Canyon University) won by fall over Alyson White Maturo (Arizona State University) Fall 3:25
Women's Firestorm Open,961817132,,Champ. Round 1,Oliva Marker,Mt. San Antonio,fall,Michelle Klein,palomar,Fall 0:59,Champ. Round 1 - Oliva Marker (Mt. San Antonio) won by fall over Michelle Klein (palomar) Fall 0:59
Women's Firestorm Open,961817132,,Champ. Round 1,Gen Deleon,Mt. San Antonio,fall,Jazmin Shelton,Arizona Christian,Fall 0:25,Champ. Round 1 - Gen Deleon (Mt. San Antonio) won by fall over Jazmin Shelton (Arizona Christian) Fall 0:25
Women's Firestorm Open,961817132,,Champ. Round 1,Malia Meyer,University of Providence,fall,Ana Timoteo,Mt. San Antonio,Fall 0:16,Champ. Round 1 - Malia Meyer (University of Providence) won by fall over Ana Timoteo (Mt. San Antonio) Fall 0:16
Women's Firestorm Open,961817132,,Round 3,Ruthanne Chvostovsky,Arizona Christian,fall,Kiley Mcclain,Unattached,Fall 3:40,Round 3 - Ruthanne Chvostovsky (Arizona Christian) won by fall over Kiley Mcclain (Unattached) Fall 3:40
Women's Firestorm Open,961817132,,Round 2,Kiley Mcclain,Unattached,fall,Ruthanne Chvostovsky,Arizona Christian,Fall 2:43,Round 2 - Kiley Mcclain (Unattached) won by fall over Ruthanne Chvostovsky (Arizona Christian) Fall 2:43
Women's Firestorm Open,961817132,,Round 1,Ruthanne Chvostovsky,Arizona Christian,fall,Kiley Mcclain,Unattached,Fall 2:37,Round 1 - Ruthanne Chvostovsky (Arizona Christian) won by fall over Kiley Mcclain (Unattached) Fall 2:37
